wasm_hash,events,functions
00b1b70550f887bd87835270ddee76307ced7a00aa6ad354ed744bc0544a03ac,"MintAndForward,AttesterEnabled,AttesterDisabled,AttesterManagerUpdated,SignatureThresholdUpdated,Denylisted,UnDenylisted,DenylisterChanged,FeeRecipientSet,TokenPairLinked,TokenPairUnlinked,SetTokenController,SwapMinterConfigSet,SetBurnLimitPerMessage,SwapMinterConfigRemoved,TokenDecimalConfigAdded,MinFeeSet,MinFeeControllerSet,RemoteTokenMessengerAdded,RemoteTokenMessengerRemoved,AdminChanged,AdminChangeStarted,PauserChanged,RescuerChanged,SetRoot,SetClaimed,Paused,Unpaused,RoleGranted,RoleRevoked,AdminRenounced,RoleAdminChanged,AdminTransferCompleted,AdminTransferInitiated,OwnershipTransfer,OwnershipRenounced,OwnershipTransferCompleted","pause,paused,unpause,upgrade,get_admin,get_owner,get_pauser,get_rescuer,accept_admin,rescue_sep41,__constructor,update_pauser,transfer_admin,update_rescuer,accept_ownership,mint_and_forward,get_pending_admin,get_pending_owner,transfer_ownership,get_message_transmitter,get_token_messenger_minter,get_expected_message_version,get_expected_burn_msg_version"
0405b19fad70b482c88a4bb8ae75b2527c68e926f7797128bfa203d20bb94432,"","upgrade,__constructor,mint_from,mint,total_supply,balance,allowance,transfer,transfer_from,approve,decimals,name,symbol,burn,burn_from,has_role,get_role_member_count,get_role_member,get_role_admin,get_admin,grant_role,revoke_role,renounce_role,renounce_admin,transfer_admin_role,accept_admin_transfer,set_role_admin,get_underlying_for_amount,get_amount_for_underlying,deposit,withdraw,set_axelar_config,token_id,get_axelar_its,get_axelar_chain,get_axelar_gas_token,interchain_transfer,get_merkle_epoch,get_banned_amount,set_new_epoch,get_merkle_root,is_claimed,amt_to_claim,sync_balances"
05a9f707ecc83974311323eda9b33072b40c9ad358575061589a05a493554cbb,"UserCreated,Initialized,ChunkCreated,PixelClaimed","get_chunk,claim_pixel,create_chunk,__constructor"
07d2be4bff8337a9c2b7996977d11442b7e4e2d90bb09c91de1c192b595da176,"SetRoot,SetClaimed,Paused,Unpaused","burn,name,symbol,approve,balance,upgrade,decimals,has_role,transfer,allowance,burn_from,get_admin,mint_from,grant_role,revoke_role,total_supply,__constructor,renounce_role,transfer_from,get_role_admin,renounce_admin,set_role_admin,get_role_member,get_existing_roles,transfer_admin_role,accept_admin_transfer,get_role_member_count"
0ba7ff671737db8fd43219ac3957ca54f3e343bc346dc709964a0978802300ff,"Initialized,SacAdminSet,MintInterest,MintWithReceipt,BurnWithRedemption,RoleGranted,RoleRevoked,AdminRenounced,RoleAdminChanged,AdminTransferCompleted,AdminTransferInitiated,OwnershipTransfer,OwnershipRenounced,OwnershipTransferCompleted","get_sac,upgrade,version,__constructor,mint_interest,set_sac_admin,mint_with_receipt,burn_with_redemption"
0eb943385bc490c0c540d41d7aee553d6f17dacf2915dc010653b313ea3395c7,"","upgrade,__constructor,mint_from,mint,total_supply,balance,allowance,transfer,transfer_from,approve,decimals,name,symbol,burn,burn_from,has_role,get_role_member_count,get_role_member,get_role_admin,get_admin,grant_role,revoke_role,renounce_role,renounce_admin,transfer_admin_role,accept_admin_transfer,set_role_admin,get_underlying_for_amount,get_amount_for_underlying,deposit,withdraw,set_axelar_config,token_id,get_axelar_its,get_axelar_chain,get_axelar_gas_token,interchain_transfer,get_merkle_epoch,get_banned_amount,set_new_epoch,get_merkle_root,is_claimed,amt_to_claim,sync_balances"
0ef011ec6afb97e24675cdf83e4def5d59ef4bc5963ae12806afe9bde07e4bad,"MemberAdded,SignerAdded,MemberRemoved,QuorumCreated,SignerRemoved,ProposalCreated,ProposalApproved,ProposalExecuted,ProposalRejected,ThresholdUpdated,ProposalCancelled,PolicyAdded,SignerAdded,PolicyRemoved,SignerRemoved,ContextRuleAdded,ContextRuleRemoved,ContextRuleUpdated,SpendingLimitPolicyEnforced,SimplePolicyEnforced,WeightedPolicyEnforced","cancel,reject,approve,propose,add_member,add_signer,get_member,get_members,__check_auth,get_proposal,__constructor,get_threshold,remove_member,remove_signer,set_threshold,get_proposal_ids"
12fd219457b92f1de40da737aac2055d18ad9b2d97af4827b9b16ff1ad5ad725,"","burn,mint,name,pause,paused,symbol,approve,balance,blocked,unpause,upgrade,decimals,has_role,transfer,allowance,burn_from,get_admin,block_user,grant_role,revoke_role,total_supply,unblock_user,renounce_role,transfer_from,__constructor,get_role_admin,renounce_admin,set_role_admin,get_role_member,transfer_admin_role,accept_admin_transfer,get_role_member_count"
13b158655e40396957537bf1c528c6542b315930c1c9e0df640f57293c8af2ca,"","provide_liquidity,swap,withdraw_liquidity,update_config,upgrade,query_config,query_share_token_address,query_stake_contract_address,query_pool_info,query_pool_info_for_factory,simulate_swap,simulate_reverse_swap,query_share,query_total_issued_lp,migrate_admin_key,propose_admin,revoke_admin_change,accept_admin,query_admin,__constructor,query_version,add_new_key_to_storage"
13f2599d4028f68e97deaffeb04b4a3cf025275085a5e11b219520691e474f59,"","upgrade_contract,handle_upgrade_contract,upgrade_contract_completed,__constructor,deploy,remove_deployed_contract,deployed_contract_for,total_deployed_contracts,admin,set_admin,loyalty_token_wasm_hash,set_loyalty_token_wasm_hash,set_invitations_enabled,invitations_enabled,request_invitation,approve_invitation,invitation_approved"
16223a9f6dc7d733e3f56464c3ddf8eedd6e72f2b7d4cadf6c2a947cdda69525,"Commit,VoteCast,MemberAdded,VoteRemoved,BadgesUpdated,UpgradeStatus,ContractPaused,ContractUpdated,ProposalCreated,UpgradeApproved,UpgradeProposed,ProposalExecuted,ProjectRegistered,SubProjectsUpdated,AnonymousVotingSetup,ProjectConfigUpdated,ConflictOfInterestUpdated","vote,proof,execute,get_dao,remove_vote,get_proposal,create_proposal,revoke_proposal,anonymous_voting_setup,add_conflict_of_interest,get_conflict_of_interest,get_anonymous_voting_config,remove_conflict_of_interest,build_commitments_from_votes,pause,version,__constructor,approve_upgrade,propose_upgrade,finalize_upgrade,set_nqg_contract,get_admins_config,require_not_paused,set_domain_contract,get_upgrade_proposal,set_collateral_contract,projects_migration,add_member,get_badges,get_member,set_badges,update_member,get_max_weight,commit,register,get_commit,get_project,get_projects,update_config,get_sub_projects,set_sub_projects"
167ab414a226427de34c19947ef9c5cf38c6c0ed91ecf9392f7cef3278ff506c,"","provide_liquidity,swap,withdraw_liquidity,update_config,upgrade,query_config,query_share_token_address,query_stake_contract_address,query_pool_info,query_pool_info_for_factory,simulate_swap,simulate_reverse_swap,query_share,query_total_issued_lp,migrate_admin_key,propose_admin,revoke_admin_change,accept_admin,query_admin,__constructor,query_version,add_new_key_to_storage"
16b2a6b175349b071927ad96927cdc668598dc32055d4fcfcfc29afdf73c6420,"AreaClaimed,Initialized,ChunkCreated,PixelClaimed,PixelsBatchClaimed","upgrade,get_chunk,claim_cells,claim_pixel,claim_pixels,create_chunk,__constructor,get_cell_claim,clear_cell_claim"
16f229fbdacc7f9266bc49613c8b3fa898714ff857c42c4211922d567bb1cbaa,"","upgrade,__constructor,paused,pause,unpause,transfer,transfer_from,approve,total_supply,balance,allowance,decimals,name,symbol,burn,burn_from,mint_from,add_to_blacklist,remove_from_blacklist,is_blacklisted,burn_blacklisted_tokens_by_admin,add_minter_by_manager,remove_minter_by_manager,get_minters,is_minter,set_blacklist_manager,set_minter_manager,is_blacklist_manager,get_blacklist_manager,is_minter_manager,get_minter_manager,get_admin,get_owner,transfer_ownership,accept_ownership,renounce_ownership"
172bba5089fb1dc27ffd25f8c025c8fbb1ceda47be773e51f032cd4d247915cf,"SetRoot,SetClaimed,Paused,Unpaused","burn,name,symbol,approve,balance,upgrade,decimals,has_role,transfer,allowance,burn_from,get_admin,mint_from,grant_role,revoke_role,total_supply,__constructor,renounce_role,transfer_from,get_role_admin,renounce_admin,set_role_admin,get_role_member,get_existing_roles,transfer_admin_role,accept_admin_transfer,get_role_member_count"
198e66fa8d07c24456055c7286a9a43d7a0203812f9c3e837518ac593679bdae,"","__constructor,deploy,deploy_idempotent,upload_and_deploy,get_deployed_address,has_role,get_role_member_count,get_role_member,get_role_admin,get_admin,grant_role,revoke_role,renounce_role,renounce_admin,transfer_admin_role,accept_admin_transfer,set_role_admin"
1affa1858ae489154bb0f9d0b58fa944745bad3976295261fe6b9db2a5fbcb43,"","upgrade_contract,handle_upgrade_contract,upgrade_contract_completed,__constructor,deploy,remove_deployed_contract,deployed_contract_for,total_deployed_contracts,admin,set_admin,loyalty_token_wasm_hash,set_loyalty_token_wasm_hash,set_invitations_enabled,invitations_enabled,request_invitation,approve_invitation,invitation_approved"
1c00a45fe5d6c28368a76597d33301a96aa714f8bce25a21717f46ee4ac864c2,"","__constructor,set_admin_a,set_admin_b,pause,unpause,add_simulated_revenue,set_default_lock_time,set_platform_fee_rate,set_reward_rate,transfer_funds,deposit,withdraw,calculate_rewards,claim_rewards,set_user_lock_time,reward_rate,total_revenue,is_paused,user,balance,total_claimed_rewards,total_deposits,default_lock_time,platform_fee_rate,user_lock_time"
1d9057993dce4c885d84478c9fe58c727830897204f4d44bd51797cf226e94e9,"","pause,paused,unpause,upgrade,has_role,is_admin,get_admin,get_owner,extend_ttl,grant_role,grant_admin,revoke_role,revoke_admin,renounce_role,__constructor,get_role_admin,renounce_admin,set_role_admin,get_role_member,set_admin_token,accept_ownership,is_system_wallet,add_system_wallet,propose_new_owner,get_locked_balance,get_system_wallets,extend_ttl_instance,is_transaction_used,transfer_admin_role,get_current_chain_id,remove_system_wallet,set_current_chain_id,accept_admin_transfer,get_role_member_count,get_system_wallet_count,execute_bridge_operation"
1ed72fbdfd79269dbddbae3d35dff987dcac93f2b0c89e164317a5b82b01f4e2,"Initialized,ChunkCreated,PixelClaimed,PixelsBatchClaimed","upgrade,get_chunk,claim_pixel,claim_pixels,create_chunk,__constructor"
2093072112c02305521c7410edbb8f0c46455b0c34b736341bb34f9a75bc1e7c,"Clawback,Initialized,SacAdminSet,MintInterest,MintWithReceipt,BurnWithRedemption,RoleGranted,RoleRevoked,AdminRenounced,RoleAdminChanged,AdminTransferCompleted,AdminTransferInitiated,OwnershipTransfer,OwnershipRenounced,OwnershipTransferCompleted","get_sac,upgrade,version,clawback,__constructor,mint_interest,set_sac_admin,mint_with_receipt,burn_with_redemption"
25e310b6e60a61af53a6d2fdcdde42608ae73bdbda4ef4dd6e419e3fea02e22d,"","upgrade,__constructor,update_k,get_current_k,shares_balance,to_rebased,to_base_ceil,mint_from,has_role,get_role_member_count,get_role_member,get_role_admin,get_admin,grant_role,revoke_role,renounce_role,renounce_admin,transfer_admin_role,accept_admin_transfer,set_role_admin,total_supply,balance,allowance,transfer,transfer_from,approve,decimals,name,symbol,burn,burn_from,burn_rebased,interchain_transfer,set_axelar_config,token_id,get_axelar_its,get_axelar_chain,get_axelar_gas_token"
295aafdaee65cb1de20e3edd9394cc2cd3f74654a24087b34c15ab9e89b6f226,"","upgrade,interchain_token_service,execute_with_interchain_token,gateway,execute,__constructor,update_k,get_current_k,shares_balance,to_rebased,to_base_ceil,mint_from,burn_rebased,has_role,get_role_member_count,get_role_member,get_role_admin,get_admin,grant_role,revoke_role,renounce_role,renounce_admin,transfer_admin_role,accept_admin_transfer,set_role_admin,total_supply,balance,allowance,transfer,transfer_from,approve,decimals,name,symbol,burn,burn_from,set_axelar_config,token_id,get_axelar_its,get_axelar_gateway,get_axelar_chain,get_axelar_gas_token,get_evm_source_chain,get_evm_source_address"
29d91418f16b9c27177390540a0bd860c1de762958bb4c3eeae608ff045588e0,"Deposit,Withdraw,Mint,Approve,Transfer,ModuleAdded,ModuleRemoved,KeyAllowed,KeyRemoved,ClaimRevoked,SignaturesInvalidated,Burn,ClaimAdded,ClaimChanged,ClaimRemoved,ClaimTopicAdded,ClaimTopicRemoved,TrustedIssuerAdded,IssuerTopicsUpdated,TrustedIssuerRemoved,IdentityStored,CountryDataAdded,IdentityModified,IdentityUnstored,IdentityRecovered,CountryDataRemoved,CountryDataModified,TokenBound,TokenUnbound,Burn,SetTokenRoyalty,SetDefaultRoyalty,RemoveTokenRoyalty,UserBlocked,UserUnblocked,Burn,Mint,TokensFrozen,AddressFrozen,ComplianceSet,TokensUnfrozen,RecoverySuccess,IdentityVerifierSet,TokenOnchainIdUpdated,ClaimTopicsAndIssuersSet,ConsecutiveMint,Mint,Approve,Transfer,ApproveForAll,UserAllowed,UserDisallowed,DocumentRemoved,DocumentUpdated,SetRoot,SetClaimed,Paused,Unpaused,RoleGranted,RoleRevoked,AdminRenounced,RoleAdminChanged,AdminTransferCompleted,AdminTransferInitiated,OwnershipTransfer,OwnershipRenounced,OwnershipTransferCompleted","burn,mint,name,symbol,approve,balance,blocked,decimals,has_role,transfer,allowance,burn_from,get_admin,block_user,grant_role,revoke_role,total_supply,unblock_user,__constructor,renounce_role,transfer_from,get_role_admin,renounce_admin,set_role_admin,get_role_member,get_existing_roles,transfer_admin_role,accept_admin_transfer,get_role_member_count"
2b48212aa3f2af4b81e9dcee3000c6396eaf00afe8613d0fa2665f9cdfee0adf,"PolicyAdded,SignerAdded,PolicyRemoved,SignerRemoved,ContextRuleAdded,PolicyRegistered,SignerRegistered,ContextRuleRemoved,PolicyDeregistered,SignerDeregistered,ContextRuleMetaUpdated,SpendingLimitPolicyEnforced,SimplePolicyEnforced,WeightedPolicyEnforced","execute,add_policy,add_signer,__check_auth,__constructor,get_signer_id,remove_policy,remove_signer,recover_wallet,add_context_rule,get_context_rule,get_verifier_key,get_recovery_signer,remove_context_rule,get_context_rules_count,update_context_rule_name,update_context_rule_valid_until"
2ca338e04b72469e956a116a5d271b3de4f900bcb8228039473f7302bae3aa76,"","upgrade,__constructor,mint_from,mint,total_supply,balance,allowance,transfer,transfer_from,approve,decimals,name,symbol,burn,burn_from,has_role,get_role_member_count,get_role_member,get_role_admin,get_admin,grant_role,revoke_role,renounce_role,renounce_admin,transfer_admin_role,accept_admin_transfer,set_role_admin,get_underlying_for_amount,get_amount_for_underlying,deposit,withdraw,set_axelar_config,token_id,get_axelar_its,get_axelar_chain,get_axelar_gas_token,interchain_transfer,get_merkle_epoch,get_banned_amount,force_new_epoch,set_new_epoch,get_merkle_root,is_claimed,amt_to_claim,sync_balances"
308f13398e80c8c523149073af83846b996e469597c2e4baa8c436722037a5e8,"","__constructor,add_stablecoin,increase_supply,decrease_supply,claim,keep_peg,set_pegkeeper,set_admin,upgrade"
33811c29b7bec48f48776f680ae5d74d79fc37ab6c8012eef016aee4cc16d181,"","upgrade_contract,handle_upgrade_contract,upgrade_contract_completed,__constructor,deploy,remove_deployed_contract,deployed_contract_for,total_deployed_contracts,admin,set_admin,subscription_wasm_hash,set_subscription_wasm_hash,merchant,set_merchant,plan,set_plan,remove_plan"
36fd0482f60c3b5e6b90e67cb64ffaf5aeb851007e2dbf05569a76e3c6a1abb2,"VaultDeployed,WasmHashUpdated,WasmHashChangePending,RoleGranted,RoleRevoked,AdminRenounced,RoleAdminChanged,AdminTransferCompleted,AdminTransferInitiated,OwnershipTransfer,OwnershipRenounced,OwnershipTransferCompleted,SetRoot,SetClaimed,Paused,Unpaused","upgrade,has_role,get_admin,get_vaults,grant_role,revoke_role,deploy_vault,__constructor,renounce_role,get_role_admin,renounce_admin,set_role_admin,get_role_member,get_vault_wasm_hash,transfer_admin_role,accept_admin_transfer,get_role_member_count,accept_vault_wasm_hash,propose_vault_wasm_hash,get_pending_vault_wasm_hash"
3b0f6a9fd464ca2ea0493f3272faa47125c66f6a0574304735411871d40e9199,"MemberAdded,SignerAdded,MemberRemoved,QuorumCreated,SignerRemoved,ProposalCreated,ProposalApproved,ProposalExecuted,ProposalRejected,ThresholdUpdated,ProposalCancelled,PolicyAdded,SignerAdded,PolicyRemoved,SignerRemoved,ContextRuleAdded,ContextRuleRemoved,ContextRuleUpdated,SpendingLimitPolicyEnforced,SimplePolicyEnforced,WeightedPolicyEnforced","cancel,reject,approve,execute,propose,add_member,add_signer,get_member,get_members,__check_auth,get_proposal,__constructor,get_threshold,remove_member,remove_signer,set_threshold,get_proposal_ids"
3b13dc688381c17aef9c2dcff38a4ff7afd9372518dd1c6494308941d880b62a,"","upgrade,__constructor,mint_from,mint,total_supply,balance,allowance,transfer,transfer_from,approve,decimals,name,symbol,burn,burn_from,has_role,get_role_member_count,get_role_member,get_role_admin,get_admin,grant_role,revoke_role,renounce_role,renounce_admin,transfer_admin_role,accept_admin_transfer,set_role_admin,get_underlying_for_amount,get_amount_for_underlying,deposit,withdraw,set_axelar_config,token_id,get_axelar_its,get_axelar_chain,get_axelar_gas_token,interchain_transfer,get_merkle_epoch,get_banned_amount,set_new_epoch,get_merkle_root,is_claimed,amt_to_claim,sync_balances"
3c2f68775af6c3c38032e67aae2946562e93ac0701437bdd3867d028f264078a,"","upgrade,__constructor,deposit,withdraw_request,withdraw_request_with_allowance,withdraw,treasurer_deposit,add_currency_by_admin,remove_currency_by_admin,get_supported_currencies,is_currency_supported,get_withdraw_currency,get_shares_token,set_withdraw_verifier_by_admin,set_oracle_by_admin,set_treasurer_by_admin,set_deposit_fee_ratio_by_admin,set_withdraw_fee_ratio_by_admin,set_withdraw_fee_recv_by_admin,get_admin,get_withdraw_verifier,get_oracle,get_treasurer,get_withdraw_fee_ratio,get_deposit_fee_ratio,get_withdraw_fee_receiver,get_owner,transfer_ownership,accept_ownership,renounce_ownership"
3cda0d78dfcd8f3b7aab36a8002e887146e17ae982e9553a3f55b4ce61ec17ae,"","__constructor,bond,unbond,create_distribution_flow,distribute_rewards,withdraw_rewards,query_config,query_admin,query_staked,query_total_staked,query_withdrawable_rewards,migrate_admin_key,update"
3d3c0447351c24e4fadaece14088c724d742e8172a587022d9cd65af9ce9089e,"","upgrade,__constructor,add_signer,update_signer,revoke_signer,install_plugin,uninstall_plugin,is_deployed,__check_auth"
3e24f11c4f11d86bf620e6105199336b56229fcb1ee4e6a706d1b26fed772ca1,"PolicyAdded,SignerAdded,PolicyRemoved,SignerRemoved,ContextRuleAdded,PolicyRegistered,SignerRegistered,ContextRuleRemoved,PolicyDeregistered,SignerDeregistered,ContextRuleMetaUpdated","execute,upgrade,add_policy,add_signer,__check_auth,__constructor,get_policy_id,get_signer_id,remove_policy,remove_signer,add_context_rule,batch_add_signer,get_context_rule,remove_context_rule,get_context_rules_count,update_context_rule_name,update_context_rule_valid_until"
3e44006fa7750ef252ab0ffdb5150fc82caf3d9d7c82d69e1b91600f64b7834b,"","upgrade,interchain_token_service,execute_with_interchain_token,gateway,execute,__constructor,update_k,get_current_k,shares_balance,to_rebased,to_base_ceil,mint_from,burn_rebased,has_role,get_role_member_count,get_role_member,get_role_admin,get_admin,grant_role,revoke_role,renounce_role,renounce_admin,transfer_admin_role,accept_admin_transfer,set_role_admin,total_supply,balance,allowance,transfer,transfer_from,approve,decimals,name,symbol,burn,burn_from,set_axelar_config,token_id,get_axelar_its,get_axelar_gateway,get_axelar_chain,get_axelar_gas_token,get_evm_source_chain,get_evm_source_address"
40740fff41c64737aa80a6b81341bc1ab1201624bf60f8ee801c93089ee42444,"","upgrade,__constructor,paused,pause,unpause,transfer,transfer_from,approve,total_supply,balance,allowance,decimals,name,symbol,burn,burn_from,mint_from,add_to_blacklist,remove_from_blacklist,is_blacklisted,burn_blacklisted_tokens_by_admin,add_minter_by_manager,remove_minter_by_manager,get_minters,is_minter,set_blacklist_manager,set_minter_manager,is_blacklist_manager,get_blacklist_manager,is_minter_manager,get_minter_manager,get_admin,get_owner,transfer_ownership,accept_ownership,renounce_ownership"
4098a4b7331bc965731333eb838649add4cf2fa786cf7d3c693dc4ad88111029,"","upgrade,__constructor,mint,transfer,transfer_from,approve,total_supply,balance,allowance,decimals,name,symbol,blocked,block_user,unblock_user,block_users,unblock_users,burn_from_blacklisted_address,burn_from,paused,pause,unpause,has_role,get_role_member_count,get_role_member,get_role_admin,get_admin,grant_role,revoke_role,renounce_role,renounce_admin,transfer_admin_role,accept_admin_transfer,set_role_admin"
416704f4bce9a1a69d10b468deb0ed98944a6d21a5341663636b085df773c8a6,"SetAdmin,Initialize,Approve,TransferWithAmountOnly,Transfer,Burn,MintWithAmountOnly,Mint,Clawback","__constructor,set_file_metadata,mint,set_admin,ipfs_hash,file_type,gateways,ipns_hash,allowance,approve,balance,transfer,transfer_from,burn,burn_from,decimals,name,symbol"
43f848b9d5368c9ea23c06a559357b633487844a3df14fa519ee832e83dbf8aa,"","upgrade,__constructor,add_signer,update_signer,revoke_signer,is_deployed,__check_auth"
4536723b074aa9290d5b79a69ff8dff0eb0804183dbb2b340850564b293c9928,"","upgrade,__constructor,add_signer,update_signer,revoke_signer,get_signer,has_signer,install_plugin,uninstall_plugin,is_plugin_installed,is_deployed,__check_auth"
47fdce86e8fb24ac4cade3b7b20af6102a33dd880059ef133c5850bb503a162f,"SeedSet,TransactionExecuted,ExecutorSet,ExecutorRequiredSet,SignerSet,ThresholdSet,OwnershipTransferred,OwnershipTransferring,OwnershipTransferCancelled,OwnershipRenounced,RoleGranted,RoleRevoked,RoleAdminChanged,TtlConfigsSet,TtlConfigsFrozen","set_executor,set_executor_required,get_executors,is_executor,total_executors,executor_required,__check_auth,set_seed,execute_transaction,verify_merkle_root,verify_transaction_proof,encode_leaf,can_execute_transaction,onesig_id,nonce,seed,version,leaf_encoding_version,__constructor,authorizer,set_signer,set_threshold,get_signers,total_signers,is_signer,threshold,verify_signatures,verify_n_signatures,extend_instance_ttl,set_ttl_configs,ttl_configs,freeze_ttl_configs,is_ttl_configs_frozen"
49e1153e35206d1b1ec54ef3f68818716a8fa80cb470596396ba50803e601681,"CallSalt,BatchCallExecuted,BatchCallScheduled,RoleGranted,RoleRevoked,AdminRenounced,RoleAdminChanged,AdminTransferCompleted,AdminTransferInitiated,OwnershipTransfer,OwnershipRenounced,OwnershipTransferCompleted,MinDelayChanged,OperationExecuted,OperationCancelled,OperationScheduled","has_role,cancel_op,get_admin,execute_op,grant_role,revoke_role,schedule_op,__check_auth,update_delay,__constructor,execute_batch,get_min_delay,get_timestamp,renounce_role,get_role_admin,hash_operation,renounce_admin,schedule_batch,set_role_admin,get_role_member,operation_exists,is_operation_done,get_existing_roles,is_operation_ready,get_operation_state,transfer_admin_role,hash_operation_batch,is_operation_pending,accept_admin_transfer,get_role_member_count"
4a845e321c6179cb327b8b6df3cd288bea0215ccd377f95511b6216b8b588379,"Initialized,ChunkCreated,PixelClaimed","upgrade,get_chunk,claim_pixel,create_chunk,__constructor"
4b3d9f6b09f7127b0ce81b0ce9d8428f3f960e4e3ce13c11c1cbb446cccc9e73,"AdminSet,OperatorSet,VaultPaused,VaultUnpaused,SubaccountAdded,AumLimitsChanged,SubaccountRemoved,DepositToSubaccount,AdminTransferAccepted,AdminTransferProposed,DeployedAssetsChanged,WalletBalanceDiverged,WalletDeployedUpdated,AdminTransferCancelled,AumWindowLimitsChanged,WithdrawFromSubaccount,WalletNetDeployedSeeded,WalletBalanceProbeFailed,StrategyBalanceProbeFailed,WalletDeployedBatchApplied,SetRoot,SetClaimed,Paused,Unpaused,DelegateChanged,DelegateVotesChanged,MinDelayChanged,OperationExecuted,OperationCancelled,OperationScheduled,ConsecutiveMint,Burn,SetTokenRoyalty,SetDefaultRoyalty,RemoveTokenRoyalty,Mint,Approve,Transfer,ApproveForAll,ModuleAdded,ModuleRemoved,DocumentRemoved,DocumentUpdated,KeyAllowed,KeyRemoved,ClaimRevoked,SignaturesInvalidated,ClaimAdded,ClaimChanged,ClaimRemoved,Burn,Mint,ClaimTopicAdded,ClaimTopicRemoved,TrustedIssuerAdded,IssuerTopicsUpdated,TrustedIssuerRemoved,IdentityStored,CountryDataAdded,IdentityModified,IdentityUnstored,IdentityRecovered,CountryDataRemoved,CountryDataModified,TokensFrozen,AddressFrozen,ComplianceSet,TokensUnfrozen,RecoverySuccess,IdentityVerifierSet,TokenOnchainIdUpdated,ClaimTopicsAndIssuersSet,TokenBound,TokenUnbound,Deposit,Withdraw,UserAllowed,UserDisallowed,UserBlocked,UserUnblocked,Approve,Transfer","mint,name,pause,redeem,symbol,approve,balance,deposit,unpause,upgrade,decimals,max_mint,transfer,withdraw,allowance,get_admin,is_paused,extend_ttl,max_redeem,max_deposit,query_asset,accept_admin,get_operator,max_withdraw,preview_mint,set_operator,total_assets,total_supply,__constructor,propose_admin,transfer_from,add_subaccount,preview_redeem,set_aum_limits,get_subaccounts,preview_deposit,preview_withdraw,convert_to_assets,convert_to_shares,get_pending_admin,remove_subaccount,get_deployed_assets,get_subaccount_type,cancel_admin_proposal,deposit_to_subaccount,get_strategy_balances,set_aum_window_limits,get_aum_decrease_limit,get_aum_increase_limit,update_deployed_assets,update_wallet_deployed,get_aum_window_duration,get_wallet_net_deployed,get_aum_window_dec_limit,get_aum_window_inc_limit,seed_wallet_net_deployed,withdraw_from_subaccount,get_wallet_deployed_assets,remove_wallet_and_reconcile,update_wallet_deployed_batch"
4e078251341d0ace55ce437f898015e6470d50806fd3f1119793583f8e5ae328,"RoleGranted,RoleRevoked,AdminRenounced,RoleAdminChanged,AdminTransferCompleted,AdminTransferInitiated,OwnershipTransfer,OwnershipRenounced,OwnershipTransferCompleted,SetRoot,SetClaimed,Paused,Unpaused,DelegateChanged,DelegateVotesChanged,VoteCast,QuorumChanged,ProposalQueued,ProposalCreated,ProposalExecuted,ProposalCancelled,MinDelayChanged,OperationExecuted,OperationCancelled,OperationScheduled,ConsecutiveMint,Burn,SetTokenRoyalty,SetDefaultRoyalty,RemoveTokenRoyalty,Mint,Approve,Transfer,ApproveForAll,ModuleAdded,ModuleRemoved,DocumentRemoved,DocumentUpdated,KeyAllowed,KeyRemoved,ClaimRevoked,SignaturesInvalidated,ClaimAdded,ClaimChanged,ClaimRemoved,Burn,Mint,ClaimTopicAdded,ClaimTopicRemoved,TrustedIssuerAdded,IssuerTopicsUpdated,TrustedIssuerRemoved,IdentityStored,CountryDataAdded,IdentityModified,IdentityUnstored,IdentityRecovered,CountryDataRemoved,CountryDataModified,TokensFrozen,AddressFrozen,ComplianceSet,TokensUnfrozen,RecoverySuccess,IdentityVerifierSet,TokenOnchainIdUpdated,ClaimTopicsAndIssuersSet,TokenBound,TokenUnbound,Deposit,Withdraw,Burn,UserAllowed,UserDisallowed,UserBlocked,UserUnblocked,Mint,Approve,Transfer","has_role,get_admin,grant_role,revoke_role,__constructor,renounce_role,get_role_admin,renounce_admin,set_role_admin,add_claim_topic,get_role_member,has_claim_topic,get_claim_topics,is_trusted_issuer,add_trusted_issuer,get_existing_roles,remove_claim_topic,get_trusted_issuers,transfer_admin_role,accept_admin_transfer,get_role_member_count,remove_trusted_issuer,get_claim_topic_issuers,update_issuer_claim_topics,get_claim_topics_and_issuers,get_trusted_issuer_claim_topics"
4e0df4342d505504d3e7fde2cf664fe896b8a01ed992426192968189ed83e821,"","domain_separator,minimum_rotation_delay,previous_signers_retention,approve_messages,rotate_signers,epoch,epoch_by_signers_hash,signers_hash_by_epoch,validate_proof,call_contract,is_message_approved,is_message_executed,validate_message,__constructor,operator,transfer_operatorship,owner,transfer_ownership,paused,pause,unpause,version,upgrade,migrate"
503c77f2b0d7810273544c4a56ef5c6d38730d48481c1860de3c41a3e6404a92,"","upgrade,interchain_token_service,execute_with_interchain_token,gateway,execute,__constructor,update_k,get_current_k,shares_balance,to_rebased,to_base_ceil,mint_from,burn_rebased,has_role,get_role_member_count,get_role_member,get_role_admin,get_admin,grant_role,revoke_role,renounce_role,renounce_admin,transfer_admin_role,accept_admin_transfer,set_role_admin,total_supply,balance,allowance,transfer,transfer_from,approve,decimals,name,symbol,burn,burn_from,set_axelar_config,token_id,get_axelar_its,get_axelar_gateway,get_axelar_chain,get_axelar_gas_token,get_evm_source_chain,get_evm_source_address"
52ba2e1cdee4e0236eb1ce0ac415553adfe9da399df95beaa3204e15b3c5429b,"RoleGranted,RoleRevoked,AdminRenounced,RoleAdminChanged,AdminTransferCompleted,AdminTransferInitiated,OwnershipTransfer,OwnershipRenounced,OwnershipTransferCompleted,PolicyAdded,SignerAdded,PolicyRemoved,SignerRemoved,ContextRuleAdded,PolicyRegistered,SignerRegistered,ContextRuleRemoved,PolicyDeregistered,SignerDeregistered,ContextRuleMetaUpdated,SpendingLimitPolicyEnforced,SimplePolicyEnforced,WeightedPolicyEnforced","execute,upgrade,get_owner,add_policy,add_signer,__check_auth,__constructor,get_signer_id,remove_policy,remove_signer,recover_wallet,web_auth_verify,accept_ownership,add_context_rule,get_context_rule,get_verifier_key,renounce_ownership,transfer_ownership,get_recovery_signer,remove_context_rule,get_context_rules_count,update_context_rule_name,update_context_rule_valid_until"
53aedce077a1336d68972edcde6964272fcc95b74bcc0f95f259b50bf8caaeaa,"","upgrade,__constructor,deposit,withdraw_request,withdraw_request_with_allowance,withdraw,treasurer_deposit,add_currency_by_admin,remove_currency_by_admin,get_supported_currencies,is_currency_supported,get_withdraw_currency,get_shares_token,set_withdraw_verifier_by_admin,set_oracle_by_admin,set_treasurer_by_admin,set_deposit_fee_ratio_by_admin,set_withdraw_fee_ratio_by_admin,set_withdraw_fee_recv_by_admin,get_admin,get_withdraw_verifier,get_oracle,get_treasurer,get_withdraw_fee_ratio,get_deposit_fee_ratio,get_withdraw_fee_receiver,get_owner,transfer_ownership,accept_ownership,renounce_ownership"
5402ea4dd52db8575fd82f121b7ccae60cda0ae589d89710655a401be5ceaf3a,"Swap,Deposit,FeeTaken,Withdraw,RoleGranted,RoleRevoked,FeeSettingsSet,RelayerFeeTaken,IntegratorInfoSet","swap,deposit,relayer,upgrade,has_role,withdraw,grant_role,denominator,revoke_role,set_relayer,fee_settings,__constructor,renounce_role,integrator_info,deposit_approver,set_fee_settings,deposit_processed,withdraw_processed,extend_instance_ttl,set_integrator_info,set_deposit_approver,calculate_fee_amounts,extend_persistent_ttl,instance_ttl_settings,allbridge_core_address,persistent_ttl_settings,set_instance_ttl_settings,set_persistent_ttl_settings"
556a300afee794c559573f4d95dd858944e3036e7cea14487830f27bec601df2,"","__constructor,version,upgrade,update_signature_threshold,add_signer,remove_signer,get_signers,get_nonce,validate_op,execute_op,__check_auth"
56697893f5198f26f6c0016aa7f84c92dab5eaa9ad3add2010adfa10786ec474,"","balance,clawback,purchase,transfer,add_admin,get_issuer,token_price,get_metadata,remove_admin,usdc_balance,withdraw_usdc,__constructor,bump_user_ttls,set_kyc_status,is_kyc_verified,check_compliance,bump_instance_ttl,set_compliance_status,configure_authorization,set_transfer_restriction"
57ba0367fd7f5edd8e01a3a1c432a441d49440fdb229fb3dd835528dfc7a41fd,"","__constructor,bond,unbond,create_distribution_flow,distribute_rewards,withdraw_rewards,query_config,query_admin,query_staked,query_total_staked,query_withdrawable_rewards,migrate_admin_key,update"
5991ae59e65b0d1e3a222939cabf197d80c41ee09a5e62fe4f7ed1526623a864,"MemberAdded,SignerAdded,MemberRemoved,QuorumCreated,SignerRemoved,ProposalCreated,ProposalApproved,ProposalExecuted,ProposalRejected,ThresholdUpdated,ProposalCancelled,PolicyAdded,SignerAdded,PolicyRemoved,SignerRemoved,ContextRuleAdded,ContextRuleRemoved,ContextRuleUpdated,SpendingLimitPolicyEnforced,SimplePolicyEnforced,WeightedPolicyEnforced","cancel,reject,approve,execute,propose,add_member,add_signer,get_member,get_members,__check_auth,get_proposal,__constructor,get_threshold,remove_member,remove_signer,set_threshold,get_proposal_ids"
5af47dcbc8ffecad7efe9fec0b29f0421b659a6b7cf9ad2126e5be8b94762df9,"SetRoot,SetClaimed,Paused,Unpaused","burn,mint,name,symbol,approve,balance,upgrade,decimals,has_role,transfer,allowance,burn_from,get_admin,mint_from,grant_role,to_rebased,revoke_role,mint_rebased,set_metadata,to_base_ceil,total_supply,__constructor,renounce_role,transfer_from,get_role_admin,renounce_admin,set_role_admin,shares_balance,get_role_member,mint_from_rebased,get_existing_roles,transfer_admin_role,accept_admin_transfer,get_role_member_count"
5afd1577414b3183f73b1bff0b53611ab7ba71fc3948c874e588d56496a1677d,"","burn,name,pause,paused,symbol,approve,balance,blocked,unpause,upgrade,decimals,has_role,transfer,allowance,burn_from,get_admin,mint_from,block_user,grant_role,revoke_role,total_supply,unblock_user,renounce_role,transfer_from,__constructor,get_role_admin,renounce_admin,set_role_admin,get_role_member,transfer_admin_role,accept_admin_transfer,get_role_member_count"
5c2c44a7e0401051cf6c5c09a360ad16e347df72e88febc9e3a0a9aca3b621e7,"","__constructor,deposit,accept,check_expiry,batch_check_expiry,dispute,resolve_dispute,set_admin,pause,unpause,extend_ttl,is_paused,admin,token,escrow_count,get_escrow,pending_ids,released_ids,refunded_ids,disputed_ids"
5d7e3d16c78437f14fc032d0d08962e9fb0a4ec426b9deb7ff38b081ff283d57,"","upgrade,__constructor,mint_from,mint,total_supply,balance,allowance,transfer,transfer_from,approve,decimals,name,symbol,burn,burn_from,has_role,get_role_member_count,get_role_member,get_role_admin,get_admin,grant_role,revoke_role,renounce_role,renounce_admin,transfer_admin_role,accept_admin_transfer,set_role_admin,get_underlying_for_amount,get_amount_for_underlying,deposit,withdraw,set_axelar_config,token_id,get_axelar_its,get_axelar_chain,get_axelar_gas_token,interchain_transfer,get_merkle_epoch,get_banned_amount,set_new_epoch,get_merkle_root,is_claimed,amt_to_claim,sync_balances"
5f72dd9ce62f3c7e3f7c21d428c5a1e7284edbbdeae9a7ec3e3727a6b98ef285,"Init,Pause,Cancel,Create,OwnXfer,Trigger,Unpause,Upgrade,TriggerN","get,pause,cancel,create,trigger,unpause,upgrade,trigger_n,__constructor,transfer_ownership"
630b0e919ab7fc1e103ba51664034bee109cef85a2e6afced6839c9a3ab45c26,"SimplePolicyEnforced,SpendingLimitPolicyEnforced,WeightedPolicyEnforced,ContextRuleAdded,ContextRuleUpdated,ContextRuleRemoved,SignerAdded,SignerRemoved,PolicyAdded,PolicyRemoved,SetRoot,SetClaimed,Paused,Unpaused","upgrade,__constructor,__check_auth,get_context_rule,get_context_rules,add_context_rule,update_context_rule_name,update_context_rule_valid_until,remove_context_rule,add_signer,remove_signer,add_policy,remove_policy,execute"
6365e9fc6983253bd858a36e8e2f8cb6d527ab1ec7a7a85ea6d206cc8f38d7e0,"Burn,ClaimTopicAdded,ClaimTopicRemoved,TrustedIssuerAdded,IssuerTopicsUpdated,TrustedIssuerRemoved,Deposit,Withdraw,Mint,Approve,Transfer,Burn,Mint,TokensFrozen,AddressFrozen,ComplianceSet,TokensUnfrozen,RecoverySuccess,IdentityVerifierSet,TokenOnchainIdUpdated,ClaimTopicsAndIssuersSet,UserAllowed,UserDisallowed,ModuleAdded,ModuleRemoved,KeyAllowed,KeyRemoved,ClaimRevoked,SignaturesInvalidated,UserBlocked,UserUnblocked,DocumentRemoved,DocumentUpdated,TokenBound,TokenUnbound,Burn,ConsecutiveMint,Mint,Approve,Transfer,ApproveForAll,ClaimAdded,ClaimChanged,ClaimRemoved,IdentityStored,CountryDataAdded,IdentityModified,IdentityUnstored,IdentityRecovered,CountryDataRemoved,CountryDataModified,SetTokenRoyalty,SetDefaultRoyalty,RemoveTokenRoyalty,SetRoot,SetClaimed,Paused,Unpaused,RoleGranted,RoleRevoked,AdminRenounced,RoleAdminChanged,AdminTransferCompleted,AdminTransferInitiated,OwnershipTransfer,OwnershipRenounced,OwnershipTransferCompleted","burn,mint,name,pause,paused,symbol,allowed,approve,balance,unpause,upgrade,decimals,has_role,transfer,allowance,burn_from,get_admin,allow_user,force_burn,grant_role,revoke_role,total_supply,__constructor,disallow_user,renounce_role,transfer_from,get_role_admin,renounce_admin,set_role_admin,get_role_member,get_existing_roles,transfer_admin_role,accept_admin_transfer,get_role_member_count"
646a683963fcf14d4bfd0e11ba7f1e07a790d446b06c87d34af69f0ba06361a5,"","__constructor,is_token_registered,is_doc_registered,is_paused,change_owner,decimals,name,symbol,total_supply,balance,transfer,allowance,transfer_from,approve,pause,unpause,mint,mint_to,burn,burn_from,grant_kyc,revoke_kyc,update_all_docs,register_doc,unregister_doc,register_token,unregister_token"
649715de2b14df3c34a560d9ffb01deeefe029404cd3e9ab184ba22702cbed79,"","__constructor,bond,unbond,create_distribution_flow,distribute_rewards,withdraw_rewards,update_config,query_config,query_admin,query_staked,query_total_staked,query_withdrawable_rewards,migrate_admin_key,update"
65e6fa754cc1edbbe365c69d8b86be71666329a8283b5305ac34efafdbfd28cd,"","__constructor,is_ended,is_claimed,claim,recover_unclaimed"
69909a7c5ad44ebad7206c2c081b8ddc13dd637f2f15039b9cfa2f1411a2f869,"Mint,Approve,Transfer,ApproveForAll,Burn,UserBlocked,UserUnblocked,Mint,Approve,Transfer,SetTokenRoyalty,SetDefaultRoyalty,RemoveTokenRoyalty,UserAllowed,UserDisallowed,Burn,ConsecutiveMint,ClaimAdded,ClaimChanged,ClaimRemoved,ClaimTopicAdded,ClaimTopicRemoved,TrustedIssuerAdded,IssuerTopicsUpdated,TrustedIssuerRemoved,DocumentRemoved,DocumentUpdated,KeyAllowed,KeyRemoved,ClaimRevoked,SignaturesInvalidated,TokenBound,TokenUnbound,IdentityStored,CountryDataAdded,IdentityModified,IdentityUnstored,IdentityRecovered,CountryDataRemoved,CountryDataModified,ModuleAdded,ModuleRemoved,Burn,Mint,TokensFrozen,AddressFrozen,ComplianceSet,TokensUnfrozen,RecoverySuccess,IdentityVerifierSet,TokenOnchainIdUpdated,ClaimTopicsAndIssuersSet,Deposit,Withdraw,SetRoot,SetClaimed,Paused,Unpaused,RoleGranted,RoleRevoked,AdminRenounced,RoleAdminChanged,AdminTransferCompleted,AdminTransferInitiated,OwnershipTransfer,OwnershipRenounced,OwnershipTransferCompleted","burn,mint,name,symbol,approve,balance,upgrade,decimals,has_role,transfer,allowance,burn_from,get_admin,mint_from,grant_role,to_rebased,revoke_role,mint_rebased,set_metadata,to_base_ceil,total_supply,__constructor,renounce_role,transfer_from,get_role_admin,renounce_admin,set_role_admin,shares_balance,get_role_member,mint_from_rebased,transfer_admin_role,accept_admin_transfer,get_role_member_count"
6c19d2b024c9a5f9bdfd00126160c280056e345e8856477a997eb6b6bcd46959,"Burn,ClaimTopicAdded,ClaimTopicRemoved,TrustedIssuerAdded,IssuerTopicsUpdated,TrustedIssuerRemoved,Deposit,Withdraw,Mint,Approve,Transfer,Burn,Mint,TokensFrozen,AddressFrozen,ComplianceSet,TokensUnfrozen,RecoverySuccess,IdentityVerifierSet,TokenOnchainIdUpdated,ClaimTopicsAndIssuersSet,UserAllowed,UserDisallowed,ModuleAdded,ModuleRemoved,KeyAllowed,KeyRemoved,ClaimRevoked,SignaturesInvalidated,UserBlocked,UserUnblocked,DocumentRemoved,DocumentUpdated,TokenBound,TokenUnbound,Burn,ConsecutiveMint,Mint,Approve,Transfer,ApproveForAll,ClaimAdded,ClaimChanged,ClaimRemoved,IdentityStored,CountryDataAdded,IdentityModified,IdentityUnstored,IdentityRecovered,CountryDataRemoved,CountryDataModified,SetTokenRoyalty,SetDefaultRoyalty,RemoveTokenRoyalty,SetRoot,SetClaimed,Paused,Unpaused,RoleGranted,RoleRevoked,AdminRenounced,RoleAdminChanged,AdminTransferCompleted,AdminTransferInitiated,OwnershipTransfer,OwnershipRenounced,OwnershipTransferCompleted","burn,mint,name,pause,paused,symbol,allowed,approve,balance,unpause,upgrade,decimals,has_role,transfer,allowance,burn_from,get_admin,allow_user,force_burn,grant_role,revoke_role,total_supply,__constructor,disallow_user,renounce_role,transfer_from,get_role_admin,renounce_admin,set_role_admin,get_role_member,get_existing_roles,transfer_admin_role,accept_admin_transfer,get_role_member_count"
6e6f87b920cb63e6115cdcd414b5afc752e3abded1b44b34754e834f4c6a6030,"Swap,Deposit,FeeTaken,Withdraw,RoleGranted,RoleRevoked,FeeSettingsSet,RelayerFeeTaken,IntegratorInfoSet","swap,deposit,relayer,upgrade,has_role,withdraw,grant_role,denominator,revoke_role,set_relayer,fee_settings,__constructor,renounce_role,integrator_info,deposit_approver,set_fee_settings,deposit_processed,withdraw_processed,extend_instance_ttl,set_integrator_info,set_deposit_approver,calculate_fee_amounts,extend_persistent_ttl,instance_ttl_settings,allbridge_core_address,persistent_ttl_settings,set_instance_ttl_settings,set_persistent_ttl_settings"
711eaa2bfb496b318eaa77215c4868522b55953b6ca8e7c9714baa2ebc92ace5,"","upgrade,__constructor,mint,transfer,transfer_from,approve,total_supply,balance,allowance,decimals,name,symbol,blocked,block_user,unblock_user,block_users,unblock_users,burn_from_blacklisted_address,burn_from,paused,pause,unpause,has_role,get_role_member_count,get_role_member,get_role_admin,get_admin,grant_role,revoke_role,renounce_role,renounce_admin,transfer_admin_role,accept_admin_transfer,set_role_admin"
71648e1b8ee1231ea03c096257ed3c6d55478effbfab77b8e587a5139ab84cbe,"","allowance,approve,balance,transfer,transfer_from,burn,burn_from,decimals,name,symbol,token_id,is_minter,mint_from,add_minter,remove_minter,set_admin,admin,set_authorized,authorized,mint,clawback,owner,transfer_ownership,__constructor,version,required_auths,upgrade,migrate"
7179354408bc25d9821ee005178485c62a7af21ba2b5d8b61aa65b4a3712cdc5,"Commit,VoteCast,MemberAdded,VoteRemoved,BadgesUpdated,UpgradeStatus,ContractPaused,ContractUpdated,ProposalCreated,UpgradeApproved,UpgradeProposed,ProposalExecuted,ProjectRegistered,SubProjectsUpdated,AnonymousVotingSetup,ProjectConfigUpdated,ConflictOfInterestUpdated","vote,proof,execute,get_dao,remove_vote,get_proposal,create_proposal,revoke_proposal,anonymous_voting_setup,add_conflict_of_interest,get_conflict_of_interest,get_anonymous_voting_config,remove_conflict_of_interest,build_commitments_from_votes,pause,version,__constructor,approve_upgrade,propose_upgrade,finalize_upgrade,set_nqg_contract,get_admins_config,require_not_paused,set_domain_contract,get_upgrade_proposal,set_collateral_contract,add_projects_to_pagination,add_member,get_badges,get_member,set_badges,update_member,get_max_weight,commit,register,get_commit,get_project,get_projects,update_config,get_sub_projects,set_sub_projects"
71c274fd6c0855c1a151f7cd0a00c4f37171ea7cc4a560b24d659db4b02383bc,"","__constructor,update_release_key,open,guard,seal,release_key,steward,update_steward,bound_aid,unbound_aid,aid_of,assigned_aid_of,available_aid_of,__check_auth"
73a8013c0bfbd5e759fce70b36fa2e43684607a6a76a9d86688e74237209d059,"Transfer,TrustNew,VoteCast,MemberJoin,MemberLeave,GraceRevoked,RoleReleased,ClaimApproved,ClaimRejected,ClaimSubmitted,DemurrageSplit,GraceActivated,ProposalCreated,ReputationChanged,MigrationCompleted,GenesisMemberJoined,GenesisTrustCreated,ReputationThreshold,VerifierFundUpdated,VerifierElectionVote,VerifierElectionCreated,VerifierElectionFinalized,VerifierCompensationClaimed","init,mint,balance,transfer,get_admin,step_down,get_oracle,join_trust,get_account,leave_trust,get_election,get_proposal,get_verifier,migrate_data,total_supply,__constructor,set_probation,get_all_trusts,get_reputation,get_trust_info,get_work_claim,register_trust,create_proposal,is_on_probation,register_oracle,cross_trust_swap,get_genesis_pool,get_grace_period,process_proposal,vote_on_proposal,get_account_trust,get_all_proposals,get_next_claim_id,get_verifier_fund,register_verifier,reject_work_claim,submit_work_claim,unregister_oracle,update_role_score,approve_work_claim,implement_proposal,is_in_grace_period,join_genesis_trust,report_grace_abuse,designate_successor,extend_grace_period,get_all_reputations,get_reputation_data,get_trust_elections,unregister_verifier,get_genesis_trust_id,get_migration_status,get_next_proposal_id,get_protocol_version,get_total_supply_raw,activate_grace_period,can_multi_trust_verify,vote_verifier_election,calculate_exchange_rate,propose_verifier_election,simulate_cross_trust_swap,finalize_verifier_election,get_account_demurrage_rate,claim_verifier_compensation,get_verifier_pending_claims"
769c28e4ae8e08cb3e90c8b82420429441f2b4eb19d9cdcffb1c05afdaead46c,"","__constructor,deploy,deploy_idempotent,upload_and_deploy,get_deployed_address,has_role,get_role_member_count,get_role_member,get_role_admin,get_admin,grant_role,revoke_role,renounce_role,renounce_admin,transfer_admin_role,accept_admin_transfer,set_role_admin"
76cb15cdae479d33e7ecb80f1f78cf446d4de23827be987cd1dc7ade705bb35b,"AccessControlManagerUpdated,RoleGranted,RoleRevoked,AdminRenounced,RoleAdminChanged,AdminTransferCompleted,AdminTransferInitiated,OwnershipTransfer,OwnershipRenounced,OwnershipTransferCompleted","has_role,get_admin,extend_ttl,is_governor,add_governor,__constructor,get_role_admin,get_role_member,remove_governor,get_existing_roles,get_role_member_count,is_compatible_successor,is_governor_or_guardian,set_access_control_manager"
76d2ba826c1b5a7b6cc0aaebe058cc3ffc373c2171f90d63ebb7481a28f577bd,"","upgrade,__constructor,add_signer,update_signer,revoke_signer,get_signer,has_signer,install_plugin,uninstall_plugin,is_plugin_installed,is_deployed,__check_auth"
7759620455ec23b490994618b75f0cd445d1ce79067b0da790954eb31e2c9340,"MemberAdded,SignerAdded,MemberRemoved,QuorumCreated,SignerRemoved,ProposalCreated,ProposalApproved,ProposalExecuted,ProposalRejected,ThresholdUpdated,ProposalCancelled,MemberRolesUpdated,PolicyAdded,SignerAdded,PolicyRemoved,SignerRemoved,ContextRuleAdded,ContextRuleRemoved,ContextRuleUpdated,SpendingLimitPolicyEnforced,SimplePolicyEnforced,WeightedPolicyEnforced","cancel,reject,approve,propose,add_member,add_signer,get_member,get_members,__check_auth,get_proposal,__constructor,get_threshold,remove_member,remove_signer,set_threshold,get_proposal_ids,set_member_roles"
77bdc0a993960faa2b0dac7b43a5160d6ed745ee787573c2f0ad8d00d4806366,"","swap,simulate_swap,simulate_reverse_swap,migrate_admin_key,propose_admin,revoke_admin_change,accept_admin,query_admin,__constructor,update,query_version,add_new_key_to_storage"
7ae002f14b115d7ebf9a58030eb5dcfe64501cff0cdfb0529f1943d3b519d526,"","__constructor,get_total_rebase_shares,get_total_fixed_shares,get_before_multiplier,get_after_multiplier,get_mult_incr_time,get_rebase_period,get_max_rebase_rate,get_active_multiplier,get_total_supply,get_rebase_shares,get_fixed_shares,is_addr_blocked,is_addr_blocked_from_receiving,mint,set_rebase_period,set_max_rebase_rate,set_next_multiplier,increase_rebase_multiplier,block_addrs,block_addrs_from_receiving,unblock_addrs,unblock_addrs_from_receiving,wipe_blocked_addr,upgrade,allowance,approve,balance,transfer,transfer_from,burn,burn_from,decimals,name,symbol,admin,pending_admin,grant_role,revoke_role,has_role,start_admin_transfer,accept_admin_transfer,pause,unpause,is_paused"
7e2328d8924ab9d8084eae52aad40bfce2eb387ad2ba944be18230fdd2c72608,"","upgrade,__constructor,deposit,withdraw_request,withdraw,treasurer_deposit,add_currency_by_admin,remove_currency_by_admin,get_supported_currencies,is_currency_supported,get_withdraw_currency,set_withdraw_currency_by_admin,get_shares_token,set_withdraw_verifier_by_admin,set_oracle_by_admin,set_treasurer_by_admin,set_deposit_fee_ratio_by_admin,set_withdraw_fee_ratio_by_admin,set_withdraw_fee_recv_by_admin,get_admin,get_withdraw_verifier,get_oracle,get_treasurer,get_withdraw_fee_ratio,get_deposit_fee_ratio,get_eip712_domain_name,get_eip712_domain_version,get_eip712_chain_id,get_eip712_domain_separator,get_withdraw_fee_receiver,get_owner,transfer_ownership,accept_ownership,renounce_ownership"
7ebff3ba5016f7572e3cb5655deb31c4814a18008780f160091b0eb56cf87157,"","burn,name,pause,paused,symbol,approve,balance,blocked,unpause,upgrade,decimals,has_role,transfer,allowance,burn_from,get_admin,mint_from,block_user,grant_role,revoke_role,total_supply,unblock_user,renounce_role,transfer_from,__constructor,get_role_admin,renounce_admin,set_role_admin,get_role_member,transfer_admin_role,accept_admin_transfer,get_role_member_count"
8028bcee9217ea574227696c5b767e806d6d554fca4dd5c7b5214ee6470d6436,"","provide_liquidity,swap,withdraw_liquidity,update_config,upgrade,query_config,query_share_token_address,query_stake_contract_address,query_pool_info,query_pool_info_for_factory,simulate_swap,simulate_reverse_swap,query_share,query_total_issued_lp,migrate_admin_key,propose_admin,revoke_admin_change,accept_admin,__constructor,query_version,add_new_key_to_storage"
825473d128ce20a794f155777caefd1b5126939492ac7e1527dde15068f45bef,"","upgrade,__constructor,mint_from,mint,total_supply,balance,allowance,transfer,transfer_from,approve,decimals,name,symbol,burn,burn_from,has_role,get_role_member_count,get_role_member,get_role_admin,get_admin,grant_role,revoke_role,renounce_role,renounce_admin,transfer_admin_role,accept_admin_transfer,set_role_admin,get_underlying_for_amount,get_amount_for_underlying,deposit,withdraw,set_axelar_config,token_id,get_axelar_its,get_axelar_chain,get_axelar_gas_token,interchain_transfer,get_merkle_epoch,set_new_epoch,get_merkle_root,is_claimed,amt_to_claim,sync_balances"
83582a6d2952eb3a36240a1888c1becd45fdc3a6010c8b4e6615ec6f72251848,"","upgrade,__constructor,mint,transfer,transfer_from,total_supply,balance,allowance,approve,decimals,name,symbol,allowed,allow_user,disallow_user,burn,burn_from,paused,pause,unpause,has_role,get_role_member_count,get_role_member,get_role_admin,get_admin,grant_role,revoke_role,renounce_role,renounce_admin,transfer_admin_role,accept_admin_transfer,set_role_admin"
848e901e7b141af830c87227c4becb05abbfdaa6f97657dd29e166383cc8894e,"","upgrade,__constructor,mint,transfer,transfer_from,total_supply,balance,allowance,approve,decimals,name,symbol,burn,burn_from,paused,pause,unpause,get_owner,transfer_ownership,accept_ownership,renounce_ownership"
85693704d656eb99af464d553a0a8d99b62d039223e72e86b98655def0d345ca,"","allowance,approve,balance,transfer,transfer_from,burn,burn_from,decimals,name,symbol,token_id,is_minter,mint_from,add_minter,remove_minter,set_admin,admin,set_authorized,authorized,mint,clawback,owner,transfer_ownership,__constructor,version,upgrade,migrate"
8597e5afd2da9f1c398b0687728fe9590ca5b6bf516fed3ae6da7446d95e7fbe,"","__constructor,renew_request,renew_accept,renew_reject,approve_payments,change_plan_request,change_plan_accept,change_plan_reject,change_plan_request_values,renew_request_values,payments_allowance,make_payment,set_cancelled,set_suspended,billing_cycles_length,current_billing_cycle,current_cycle_start_timestamp,current_cycle_end_timestamp,status,currency_token,billing_period,price,plan_name,subscriber,merchant,billing_cycle_timestamp,billing_cycle_price,billing_cycle_plan_name,billing_payment,expiration_timestamp,expiration_ledger,upgrade_contract,handle_upgrade_contract,upgrade_contract_completed"
86ef6f7610c643c241cfa7dd76d0b3e4978cc76b83e70a49fa24df6bc3b27072,"Mint","__constructor"
870de1c00c6617b1110f387e299a869ed6a8e8399c5c0a4c20bc3e4ff6816ae0,"SetDstConfig,SetUpgrader,PacketSent,PacketVerified,PacketDelivered,LzReceiveAlert,ZroSet,DelegateSet,InboundNonceSkipped,PacketNilified,PacketBurnt,LibraryRegistered,DefaultSendLibrarySet,DefaultReceiveLibrarySet,DefaultReceiveLibTimeoutSet,SendLibrarySet,ReceiveLibrarySet,ReceiveLibraryTimeoutSet,ComposeSent,ComposeDelivered,LzComposeAlert,SignerSet,ThresholdSet,OwnershipTransferred,OwnershipTransferring,OwnershipTransferCancelled,OwnershipRenounced,RoleGranted,RoleRevoked,RoleAdminChanged,TtlConfigsSet,TtlConfigsFrozen,SetAdmin,SetSupportedMessageLib,SetAllowlist,SetDenylist,Paused,Unpaused,SetDefaultMultiplierBps,SetDepositAddress,SetPriceFeed,SetSupportedOptionTypes,SetWorkerFeeLib","__check_auth,set_paused,set_admin,set_supported_message_lib,set_allowlist,set_denylist,set_default_multiplier_bps,set_deposit_address,set_supported_option_types,set_worker_fee_lib,set_price_feed,paused,is_admin,admins,is_supported_message_lib,message_libs,is_on_allowlist,allowlist_size,is_on_denylist,has_acl,default_multiplier_bps,deposit_address,get_supported_option_types,worker_fee_lib,price_feed,get_fee,assign_job,execute_transaction,set_upgrader,upgrader,set_dst_config,dst_config,vid,hash_call_data,__constructor,set_admin_by_admin,upgrade,migrate,authorizer,set_signer,set_threshold,get_signers,total_signers,is_signer,threshold,verify_signatures,verify_n_signatures,extend_instance_ttl,set_ttl_configs,ttl_configs,freeze_ttl_configs,is_ttl_configs_frozen"
8a2b3fd944612968801d015af20b843db0552affc8e79ef2775f7f21fd7f34cf,"DstConfigSet,NativeDropApplied,PacketSent,PacketVerified,PacketDelivered,LzReceiveAlert,ZroSet,DelegateSet,InboundNonceSkipped,PacketNilified,PacketBurnt,LibraryRegistered,DefaultSendLibrarySet,DefaultReceiveLibrarySet,DefaultReceiveLibTimeoutSet,SendLibrarySet,ReceiveLibrarySet,ReceiveLibraryTimeoutSet,ComposeSent,ComposeDelivered,LzComposeAlert,SignerSet,ThresholdSet,OwnershipTransferred,OwnershipTransferring,OwnershipTransferCancelled,OwnershipRenounced,RoleGranted,RoleRevoked,RoleAdminChanged,TtlConfigsSet,TtlConfigsFrozen,SetAdmin,SetSupportedMessageLib,SetAllowlist,SetDenylist,Paused,Unpaused,SetDefaultMultiplierBps,SetDepositAddress,SetPriceFeed,SetSupportedOptionTypes,SetWorkerFeeLib","__check_auth,set_paused,set_admin,set_supported_message_lib,set_allowlist,set_denylist,set_default_multiplier_bps,set_deposit_address,set_supported_option_types,set_worker_fee_lib,set_price_feed,paused,is_admin,admins,is_supported_message_lib,message_libs,is_on_allowlist,allowlist_size,is_on_denylist,has_acl,default_multiplier_bps,deposit_address,get_supported_option_types,worker_fee_lib,price_feed,assign_job,get_fee,set_dst_config,dst_config,native_drop,endpoint,__constructor,withdraw_token,set_executor_helper,executor_helper,upgrade,migrate,authorizer,owner,pending_owner,transfer_ownership,begin_ownership_transfer,accept_ownership,renounce_ownership,extend_instance_ttl,set_ttl_configs,ttl_configs,freeze_ttl_configs,is_ttl_configs_frozen"
8a339bce6c59b2aa97b8e8efd2db061a7d65b8f5583ddcc4b3ec29a27f27930c,"","upgrade,__constructor,mint_from,mint,total_supply,balance,allowance,transfer,transfer_from,approve,decimals,name,symbol,burn,burn_from,has_role,get_role_member_count,get_role_member,get_role_admin,get_admin,grant_role,revoke_role,renounce_role,renounce_admin,transfer_admin_role,accept_admin_transfer,set_role_admin,get_underlying_for_amount,get_amount_for_underlying,deposit,withdraw,set_axelar_config,token_id,get_axelar_its,get_axelar_chain,get_axelar_gas_token,interchain_transfer,get_merkle_epoch,set_new_epoch,get_merkle_root,is_claimed,amt_to_claim,sync_balances"
8a3d3044c254070cbd3e5e21a0c207184a86b6c96c0457d1b0f124aa204bbfc9,"","pause,paused,unpause,upgrade,has_role,is_admin,get_admin,get_owner,extend_ttl,grant_role,grant_admin,revoke_role,revoke_admin,renounce_role,__constructor,get_role_admin,renounce_admin,set_role_admin,get_role_member,set_admin_token,accept_ownership,is_system_wallet,add_system_wallet,propose_new_owner,get_locked_balance,get_system_wallets,extend_ttl_instance,is_transaction_used,transfer_admin_role,get_current_chain_id,remove_system_wallet,set_current_chain_id,accept_admin_transfer,get_role_member_count,get_system_wallet_count,execute_bridge_operation"
8cced6471a6f5db317d9d1e94cc8ddc43e2d6324b118c70c1555c7d990ae5499,"","upgrade,add_signer,get_signer,has_signer,is_deployed,__check_auth,revoke_signer,update_signer,__constructor,install_plugin,uninstall_plugin,is_plugin_installed"
8d7837d596cbe2f2bb2424e1dac877b77247ceb0acb45aba0034e1e407cd1875,"SetRoot,SetClaimed,Paused,Unpaused,UserAllowed,UserDisallowed,UserBlocked,UserUnblocked,Burn,Transfer,Approve,Mint,Burn,ConsecutiveMint,SetDefaultRoyalty,SetTokenRoyalty,RemoveTokenRoyalty,Transfer,Approve,ApproveForAll,Mint,KeyAllowed,KeyRemoved,ClaimRevoked,SignaturesInvalidated,ClaimTopicAdded,ClaimTopicRemoved,TrustedIssuerAdded,TrustedIssuerRemoved,IssuerTopicsUpdated,ModuleAdded,ModuleRemoved,DocumentUpdated,DocumentRemoved,ClaimAdded,ClaimRemoved,ClaimChanged,IdentityStored,IdentityUnstored,IdentityModified,IdentityRecovered,CountryDataAdded,CountryDataRemoved,CountryDataModified,TokenBound,TokenUnbound,TokenOnchainIdUpdated,RecoverySuccess,AddressFrozen,TokensFrozen,TokensUnfrozen,Mint,Burn,ComplianceSet,ClaimTopicsAndIssuersSet,IdentityVerifierSet,Deposit,Withdraw","__constructor,total_supply,balance,allowance,transfer,transfer_from,approve,decimals,name,symbol"
8e89b10f6ce850028a6d390cbb229f0d0f20ef5a647daf3fc3c3f9b875a60deb,"","deploy,has_role,get_admin,grant_role,revoke_role,renounce_role,__constructor,get_role_admin,renounce_admin,set_role_admin,get_role_member,deploy_idempotent,upload_and_deploy,transfer_admin_role,get_deployed_address,accept_admin_transfer,get_role_member_count"
90d65279b7c21648875949c4885bd5c588ca547e343027f130b3d0ee34640336,"","upgrade,__constructor,mint_from,mint,total_supply,balance,allowance,transfer,transfer_from,approve,decimals,name,symbol,burn,burn_from,has_role,get_role_member_count,get_role_member,get_role_admin,get_admin,grant_role,revoke_role,renounce_role,renounce_admin,transfer_admin_role,accept_admin_transfer,set_role_admin,get_underlying_for_amount,get_amount_for_underlying,deposit,withdraw,get_merkle_epoch,set_new_epoch,get_merkle_root,is_claimed,amt_to_claim,sync_balances"
93f5d2b314e4d56a5b8b900ebf3af5b640315008d6a7293004018d167f535542,"","burn,name,pause,paused,symbol,approve,balance,blocked,unpause,upgrade,decimals,has_role,transfer,allowance,burn_from,get_admin,mint_from,block_user,grant_role,revoke_role,total_supply,unblock_user,renounce_role,transfer_from,__constructor,get_role_admin,renounce_admin,set_role_admin,get_role_member,transfer_admin_role,accept_admin_transfer,get_role_member_count"
9620f3f9a3315b8b144bd3b50733a40013742fd86e9c63162874b6eb047daff0,"RoleGranted,RoleRevoked,AdminRenounced,RoleAdminChanged,AdminTransferCompleted,AdminTransferInitiated,OwnershipTransfer,OwnershipRenounced,OwnershipTransferCompleted,SetRoot,SetClaimed,Paused,Unpaused,DelegateChanged,DelegateVotesChanged,VoteCast,QuorumChanged,ProposalQueued,ProposalCreated,ProposalExecuted,ProposalCancelled,MinDelayChanged,OperationExecuted,OperationCancelled,OperationScheduled,ConsecutiveMint,Burn,SetTokenRoyalty,SetDefaultRoyalty,RemoveTokenRoyalty,Mint,Approve,Transfer,ApproveForAll,ModuleAdded,ModuleRemoved,DocumentRemoved,DocumentUpdated,KeyAllowed,KeyRemoved,ClaimRevoked,SignaturesInvalidated,ClaimAdded,ClaimChanged,ClaimRemoved,Burn,Mint,ClaimTopicAdded,ClaimTopicRemoved,TrustedIssuerAdded,IssuerTopicsUpdated,TrustedIssuerRemoved,IdentityStored,CountryDataAdded,IdentityModified,IdentityUnstored,IdentityRecovered,CountryDataRemoved,CountryDataModified,TokensFrozen,AddressFrozen,ComplianceSet,TokensUnfrozen,RecoverySuccess,IdentityVerifierSet,TokenOnchainIdUpdated,ClaimTopicsAndIssuersSet,TokenBound,TokenUnbound,Deposit,Withdraw,Burn,UserAllowed,UserDisallowed,UserBlocked,UserUnblocked,Mint,Approve,Transfer","created,destroyed,bind_token,can_create,transferred,can_transfer,unbind_token,__constructor,add_module_to,linked_tokens,remove_module_from,get_modules_for_hook,is_module_registered"
964d30c5347fc975dad81d84634b22bb578b9d0e733f13a91b44ecd459001342,"","upgrade,__constructor,mint,transfer,transfer_from,total_supply,balance,allowance,approve,decimals,name,symbol,blocked,block_user,unblock_user,burn,burn_from,paused,pause,unpause,has_role,get_role_member_count,get_role_member,get_role_admin,get_admin,grant_role,revoke_role,renounce_role,renounce_admin,transfer_admin_role,accept_admin_transfer,set_role_admin"
99412caa6515ca93a6f17256480a6dbef5c3cb2e8b67cb9666a209b64d4a8142,"Clawback,Initialized,SacAdminSet,MintInterest,MintWithReceipt,BurnWithRedemption,RoleGranted,RoleRevoked,AdminRenounced,RoleAdminChanged,AdminTransferCompleted,AdminTransferInitiated,OwnershipTransfer,OwnershipRenounced,OwnershipTransferCompleted","get_sac,upgrade,version,clawback,__constructor,mint_interest,set_sac_admin,mint_with_receipt,burn_with_redemption"
99bd0ddc506ee13fc4f433f0627092034dc38f4773ec16930a1823a1174431d4,"MessageSent,MessageReceived,MaxMessageBodySizeUpdated,AdminChanged,AdminChangeStarted,PauserChanged,RescuerChanged,SetRoot,SetClaimed,Paused,Unpaused,AttesterEnabled,AttesterDisabled,AttesterManagerUpdated,SignatureThresholdUpdated,Denylisted,UnDenylisted,DenylisterChanged,FeeRecipientSet,TokenPairLinked,TokenPairUnlinked,SetTokenController,SwapMinterConfigSet,SetBurnLimitPerMessage,SwapMinterConfigRemoved,TokenDecimalConfigAdded,MinFeeSet,MinFeeControllerSet,RemoteTokenMessengerAdded,RemoteTokenMessengerRemoved,RoleGranted,RoleRevoked,AdminRenounced,RoleAdminChanged,AdminTransferCompleted,AdminTransferInitiated,OwnershipTransfer,OwnershipRenounced,OwnershipTransferCompleted","pause,paused,unpause,upgrade,get_admin,get_owner,get_pauser,get_rescuer,get_version,accept_admin,rescue_sep41,send_message,__constructor,is_nonce_used,update_pauser,transfer_admin,update_rescuer,enable_attester,receive_message,accept_ownership,disable_attester,get_local_domain,get_pending_admin,get_pending_owner,transfer_ownership,is_enabled_attester,get_attester_manager,get_enabled_attester,get_signature_threshold,set_signature_threshold,update_attester_manager,get_max_message_body_size,get_num_enabled_attesters,set_max_message_body_size"
9a4cf40826124324d9c45c805d1512ca5b08cf6a6f70a11cf70e719194d9a36e,"","upgrade,__constructor,mint_from,mint,total_supply,balance,allowance,transfer,transfer_from,approve,decimals,name,symbol,burn,burn_from,has_role,get_role_member_count,get_role_member,get_role_admin,get_admin,grant_role,revoke_role,renounce_role,renounce_admin,transfer_admin_role,accept_admin_transfer,set_role_admin,get_underlying_for_amount,get_amount_for_underlying,deposit,withdraw,set_axelar_config,token_id,get_axelar_its,get_axelar_chain,get_axelar_gas_token,interchain_transfer,get_merkle_epoch,get_banned_amount,set_new_epoch,get_merkle_root,is_claimed,amt_to_claim,sync_balances"
9c6d98820f17229236d4f7be9c49204f12192b30bf94094c8c8c7c8389adecef,"ProjectRegistered,ProjectConfigUpdated,Commit,MemberAdded,BadgesUpdated,ProposalCreated,VoteCast,ProposalExecuted,ContractPaused,AnonymousVotingSetup,ContractUpdated,UpgradeProposed,UpgradeApproved,UpgradeStatus","anonymous_voting_setup,get_anonymous_voting_config,build_commitments_from_votes,create_proposal,revoke_proposal,vote,execute,proof,get_dao,get_proposal,add_member,get_member,set_badges,get_badges,get_max_weight,__constructor,pause,require_not_paused,get_admins_config,set_domain_contract,set_collateral_contract,propose_upgrade,approve_upgrade,finalize_upgrade,get_upgrade_proposal,version,register,update_config,commit,get_commit,get_project"
a12e8fa9621efd20315753bd4007d974390e31fbcb4a7ddc4dd0a0dec728bf2e,"PolicyAdded,SignerAdded,PolicyRemoved,SignerRemoved,ContextRuleAdded,ContextRuleRemoved,ContextRuleUpdated,SpendingLimitPolicyEnforced,SimplePolicyEnforced,WeightedPolicyEnforced,SetRoot,SetClaimed,Paused,Unpaused","execute,upgrade,add_policy,add_signer,__check_auth,__constructor,remove_policy,remove_signer,add_context_rule,get_context_rule,get_context_rules,remove_context_rule,update_context_rule_name,update_context_rule_valid_until"
a2cb78501a0ad922a1a9ec2c1bfa87d508bada26e61384f8c4485ac9cb1bbdeb,"RoleGranted,RoleRevoked,AdminRenounced,RoleAdminChanged,AdminTransferCompleted,AdminTransferInitiated,OwnershipTransfer,OwnershipRenounced,OwnershipTransferCompleted,SetRoot,SetClaimed,Paused,Unpaused,DelegateChanged,DelegateVotesChanged,VoteCast,QuorumChanged,ProposalQueued,ProposalCreated,ProposalExecuted,ProposalCancelled,MinDelayChanged,OperationExecuted,OperationCancelled,OperationScheduled,ConsecutiveMint,Burn,SetTokenRoyalty,SetDefaultRoyalty,RemoveTokenRoyalty,Mint,Approve,Transfer,ApproveForAll,ModuleAdded,ModuleRemoved,DocumentRemoved,DocumentUpdated,KeyAllowed,KeyRemoved,ClaimRevoked,SignaturesInvalidated,ClaimAdded,ClaimChanged,ClaimRemoved,Burn,Mint,ClaimTopicAdded,ClaimTopicRemoved,TrustedIssuerAdded,IssuerTopicsUpdated,TrustedIssuerRemoved,IdentityStored,CountryDataAdded,IdentityModified,IdentityUnstored,IdentityRecovered,CountryDataRemoved,CountryDataModified,TokensFrozen,AddressFrozen,ComplianceSet,TokensUnfrozen,RecoverySuccess,IdentityVerifierSet,TokenOnchainIdUpdated,ClaimTopicsAndIssuersSet,TokenBound,TokenUnbound,Deposit,Withdraw,Burn,UserAllowed,UserDisallowed,UserBlocked,UserUnblocked,Mint,Approve,Transfer","burn,mint,name,pause,symbol,approve,balance,unpause,version,decimals,has_role,transfer,allowance,get_admin,is_frozen,compliance,grant_role,onchain_id,revoke_role,total_supply,__constructor,renounce_role,transfer_from,get_role_admin,renounce_admin,set_compliance,set_onchain_id,set_role_admin,forced_transfer,get_role_member,recover_balance,get_frozen_tokens,identity_verifier,get_existing_roles,set_address_frozen,transfer_admin_role,accept_admin_transfer,freeze_partial_tokens,get_role_member_count,set_identity_verifier,unfreeze_partial_tokens"
a2d0e1be0cbff60eb7f96d5ac28128b97534ea1869ba768bff6fba3625fbfab9,"","verify,upgrade,set_config,__constructor,update_config,is_initialized,activate_config,accept_ownership,deactivate_config,transfer_ownership,extend_contract_ttl"
a5de7b6db5cd12afc7739a6dc453c49339828ea49ee9700b9a15c70e687ed9de,"Initialized,ChunkCreated,PixelClaimed","upgrade,get_chunk,claim_pixel,claim_pixels,create_chunk,__constructor"
a6c1acc6e367e46535733ce8a7320c718616ed42f762cf2f1a0aa77ac6e056f6,"DepositForBurn,MintAndWithdraw,AdminChanged,AdminChangeStarted,PauserChanged,RescuerChanged,SetRoot,SetClaimed,Paused,Unpaused,AttesterEnabled,AttesterDisabled,AttesterManagerUpdated,SignatureThresholdUpdated,Denylisted,UnDenylisted,DenylisterChanged,FeeRecipientSet,TokenPairLinked,TokenPairUnlinked,SetTokenController,SwapMinterConfigSet,SetBurnLimitPerMessage,SwapMinterConfigRemoved,TokenDecimalConfigAdded,MinFeeSet,MinFeeControllerSet,RemoteTokenMessengerAdded,RemoteTokenMessengerRemoved,RoleGranted,RoleRevoked,AdminRenounced,RoleAdminChanged,AdminTransferCompleted,AdminTransferInitiated,OwnershipTransfer,OwnershipRenounced,OwnershipTransferCompleted","pause,paused,unpause,upgrade,denylist,get_admin,get_owner,get_pauser,get_min_fee,get_rescuer,set_min_fee,un_denylist,accept_admin,rescue_sep41,__constructor,is_denylisted,update_pauser,get_denylister,transfer_admin,update_rescuer,get_local_token,link_token_pair,accept_ownership,deposit_for_burn,get_fee_recipient,get_pending_admin,get_pending_owner,set_fee_recipient,unlink_token_pair,update_denylister,get_min_fee_amount,transfer_ownership,get_token_controller,set_token_controller,get_min_fee_controller,get_swap_minter_config,set_min_fee_controller,set_swap_minter_config,get_message_body_version,get_token_decimal_config,set_token_decimal_config,remove_swap_minter_config,add_remote_token_messenger,deposit_for_burn_with_hook,get_remote_token_messenger,get_local_message_transmitter,handle_recv_finalized_message,remove_remote_token_messenger,get_max_burn_amount_per_message,handle_recv_unfinalized_message,set_max_burn_amount_per_message"
a71a844eec784d1a5ef201bbbd4c641980900fc128cb927b7c07720f7ae48cab,"","decimals,add_asset,lastprice,set_admin,__constructor"
aa6fe035d9db8ae486e363b0b02bed566a8b68f83cd8d00d513422a9970ec334,"","mint,name,pause,paused,symbol,approve,balance,blocked,unpause,upgrade,decimals,has_role,transfer,allowance,burn_from,get_admin,block_user,grant_role,block_users,revoke_role,total_supply,unblock_user,renounce_role,transfer_from,unblock_users,__constructor,get_role_admin,renounce_admin,set_role_admin,get_role_member,transfer_admin_role,accept_admin_transfer,get_role_member_count,burn_from_blacklisted_address"
ab3bb0da02d07610872b4a2f5dbbe9cf0a40e0544f63981097604f9d08d2a164,"Open,Close,Withdraw,Refund","__constructor,top_up,token,from,to,refund_waiting_period,balance,deposited,withdrawn,prepare_commitment,settle,close,close_start,refund"
aba81900bc82d24a6f5b66a6fee775bc51543f91dc89e824bd96ffcf3879dba1,"Blocklisted,MintAssetSet,Unblocklisted,BlocklisterChanged,MinterRemoved,MinterConfigured,MinterAssetControllerChanged,AdminChanged,AdminChangeStarted,PauserChanged,RescuerChanged,SetRoot,SetClaimed,Paused,Unpaused,RoleGranted,RoleRevoked,AdminRenounced,RoleAdminChanged,AdminTransferCompleted,AdminTransferInitiated,OwnershipTransfer,OwnershipRenounced,OwnershipTransferCompleted","pause,paused,unpause,upgrade,blocklist,get_admin,get_owner,swap_mint,get_pauser,unblocklist,accept_admin,__constructor,remove_minter,update_pauser,get_mint_asset,is_blocklisted,transfer_admin,get_blocklister,accept_ownership,configure_minter,get_pending_admin,get_pending_owner,transfer_ownership,update_blocklister,get_minter_allow_asset,get_minter_asset_controller,update_minter_asset_controller"
ae68869840391da72e9db3e07a5c3271a645b67101c0ef097ba9604f07823ad0,"","__constructor,upgrade,add_supply_controller,remove_supply_controller,update_limit_config,set_allow_any_mint_to_address,add_mint_address_to_list,remove_mint_address_from_list,get_supply_controller_config,get_all_sc_addresses,get_remaining_mint_amount,set_admin,set_authorized,mint,clawback,grant_role,has_role,get_role_member_count,get_role_member,get_role_admin,get_admin,revoke_role,renounce_role,renounce_admin,transfer_admin_role,accept_admin_transfer,set_role_admin,pause,unpause,paused"
b359f16d7f0f29d5028fbe8779a8df86a889ba0691d4f8c8b963df4a6d889e76,"SimplePolicyEnforced,SpendingLimitPolicyEnforced,WeightedPolicyEnforced,ContextRuleAdded,ContextRuleUpdated,ContextRuleRemoved,SignerAdded,SignerRemoved,PolicyAdded,PolicyRemoved,SetRoot,SetClaimed,Paused,Unpaused","upgrade,__constructor,__check_auth,get_context_rule,get_context_rules,add_context_rule,update_context_rule_name,update_context_rule_valid_until,remove_context_rule,add_signer,remove_signer,add_policy,remove_policy,execute"
b658588a255ba6f6cdfcef828341b6cbead30118b2bfc954ed11eb8a11484c3e,"","upgrade,__constructor,mint,transfer,transfer_from,total_supply,balance,allowance,approve,decimals,name,symbol,allowed,allow_user,disallow_user,burn,burn_from,paused,pause,unpause,has_role,get_role_member_count,get_role_member,get_role_admin,get_admin,grant_role,revoke_role,renounce_role,renounce_admin,transfer_admin_role,accept_admin_transfer,set_role_admin"
b73fe80ad74587eb8ffbbece1207c086d1b0182bc17c50fa263c2b818fa9eea2,"MemberAdded,SignerAdded,MemberRemoved,QuorumCreated,SignerRemoved,ProposalCreated,ProposalApproved,ProposalExecuted,ProposalRejected,ThresholdUpdated,ProposalCancelled,PolicyAdded,SignerAdded,PolicyRemoved,SignerRemoved,ContextRuleAdded,ContextRuleRemoved,ContextRuleUpdated,SpendingLimitPolicyEnforced,SimplePolicyEnforced,WeightedPolicyEnforced","cancel,reject,approve,propose,add_member,add_signer,get_member,get_members,__check_auth,get_proposal,__constructor,get_threshold,remove_member,remove_signer,set_threshold,get_proposal_ids"
b88a19b00ca3e89472c1521bd3bf4e845e120feb2c2a74f2a32be14d9121a499,"","__constructor,add_asset,set_oracles,decimals,lastprice,set_admin,upgrade"
bfa08cbf2ad5e86a94ad7661cadf276ad9afaa74bd5206217c82c1cea0c5aa39,"ConsecutiveMint,ClaimAdded,ClaimChanged,ClaimRemoved,ClaimTopicAdded,ClaimTopicRemoved,TrustedIssuerAdded,IssuerTopicsUpdated,TrustedIssuerRemoved,ModuleAdded,ModuleRemoved,Burn,Mint,TokensFrozen,AddressFrozen,ComplianceSet,TokensUnfrozen,RecoverySuccess,IdentityVerifierSet,TokenOnchainIdUpdated,ClaimTopicsAndIssuersSet,Deposit,Withdraw,IdentityStored,CountryDataAdded,IdentityModified,IdentityUnstored,IdentityRecovered,CountryDataRemoved,CountryDataModified,DocumentRemoved,DocumentUpdated,KeyAllowed,KeyRemoved,ClaimRevoked,SignaturesInvalidated,TokenBound,TokenUnbound,Mint,Approve,Transfer,ApproveForAll,Burn,Burn,SetTokenRoyalty,SetDefaultRoyalty,RemoveTokenRoyalty,UserAllowed,UserDisallowed,UserBlocked,UserUnblocked,Mint,Approve,Transfer,SetRoot,SetClaimed,Paused,Unpaused,RoleGranted,RoleRevoked,AdminRenounced,RoleAdminChanged,AdminTransferCompleted,AdminTransferInitiated,OwnershipTransfer,OwnershipRenounced,OwnershipTransferCompleted","burn,name,symbol,approve,balance,upgrade,decimals,has_role,transfer,allowance,burn_from,get_admin,mint_from,grant_role,revoke_role,total_supply,__constructor,renounce_role,transfer_from,get_role_admin,renounce_admin,set_role_admin,get_role_member,transfer_admin_role,accept_admin_transfer,get_role_member_count"
bfab576fb405952fdeb0c502e3f662668601f3b63111bcf034c240cea4b6240d,"","migrate,upgrade,add_signer,get_signer,has_signer,is_deployed,__check_auth,revoke_signer,update_signer,__constructor,install_plugin,uninstall_plugin,is_plugin_installed"
bfb64fd1012d945e481df81d6849d742ee8c70f2043651d1be96f1f40ecdb2e7,"","upgrade,__constructor,mint,transfer,transfer_from,total_supply,balance,allowance,approve,decimals,name,symbol,blocked,block_user,unblock_user,burn,burn_from,paused,pause,unpause,has_role,get_role_member_count,get_role_member,get_role_admin,get_admin,grant_role,revoke_role,renounce_role,renounce_admin,transfer_admin_role,accept_admin_transfer,set_role_admin"
c176316822b58329498b62d9755e1fdb06dfd929681c8d0a61f81c2b01a9b0e1,"","upgrade,__constructor,add_signer,update_signer,revoke_signer,install_plugin,uninstall_plugin,is_plugin_installed,is_deployed,__check_auth"
c54ba54bd9e37503a641fa661126cd858faf57738c1e903b84f72ac505016393,"","create_liquidity_pool,update_config,query_pools,query_pool_details,query_all_pools_details,query_for_pool_by_token_pair,get_admin,get_config,query_user_portfolio,migrate_admin_key,propose_admin,revoke_admin_change,accept_admin,__constructor,update,query_version,add_new_key_to_storage"
ce625cceae48a4f2867a6f7ba4d30bb3d904494847eb63e0b95f8df0c77d14bb,"","upgrade,interchain_token_service,execute_with_interchain_token,gateway,execute,__constructor,update_vault_ratio,get_vault_ratio,shares_balance,to_rebased,to_base_ceil,mint_from,burn_rebased,has_role,get_role_member_count,get_role_member,get_role_admin,get_admin,grant_role,revoke_role,renounce_role,renounce_admin,transfer_admin_role,accept_admin_transfer,set_role_admin,total_supply,balance,allowance,transfer,transfer_from,approve,decimals,name,symbol,burn,burn_from,set_axelar_config,token_id,get_axelar_its,get_axelar_gateway,get_axelar_gas_token"
ceb168b15ae12371c39507bf8ce3abc3de0a2d568587dec1fa6c754221e2b80a,"","upgrade,__constructor,mint_from,mint,total_supply,balance,allowance,transfer,transfer_from,approve,decimals,name,symbol,burn,burn_from,has_role,get_role_member_count,get_role_member,get_role_admin,get_admin,grant_role,revoke_role,renounce_role,renounce_admin,transfer_admin_role,accept_admin_transfer,set_role_admin,get_underlying_for_amount,get_amount_for_underlying,deposit,withdraw,set_axelar_config,token_id,get_axelar_its,get_axelar_chain,get_axelar_gas_token,interchain_transfer,get_merkle_epoch,get_banned_amount,set_new_epoch,get_merkle_root,is_claimed,amt_to_claim,sync_balances"
cf2df771b015c2a25e13ff0a5b9a8fc31cb3adf0b22ccaf78a544f141610cd93,"","upgrade,__constructor,mint_from,mint,total_supply,balance,allowance,transfer,transfer_from,approve,decimals,name,symbol,burn,burn_from,has_role,get_role_member_count,get_role_member,get_role_admin,get_admin,grant_role,revoke_role,renounce_role,renounce_admin,transfer_admin_role,accept_admin_transfer,set_role_admin,get_underlying_for_amount,get_amount_for_underlying,deposit,withdraw,set_axelar_config,token_id,get_axelar_its,get_axelar_chain,get_axelar_gas_token,interchain_transfer,get_merkle_epoch,set_new_epoch,get_merkle_root,is_claimed,amt_to_claim,sync_balances"
d07941bef95ad91e9e5f64fa1ecfad57ca7aacf1cc3cd0e54f1dfa0859b0f6fb,"","burn,name,pause,paused,symbol,approve,balance,blocked,unpause,upgrade,decimals,has_role,transfer,allowance,burn_from,get_admin,mint_from,block_user,grant_role,revoke_role,total_supply,unblock_user,renounce_role,transfer_from,__constructor,get_role_admin,renounce_admin,set_role_admin,get_role_member,transfer_admin_role,accept_admin_transfer,get_role_member_count"
d68610690fa381aace03f16ef591334d61e808bcba0ac9e3a15d76df492aff24,"","domain_separator,minimum_rotation_delay,previous_signers_retention,approve_messages,rotate_signers,epoch,epoch_by_signers_hash,signers_hash_by_epoch,validate_proof,call_contract,is_message_approved,is_message_executed,validate_message,__constructor,operator,transfer_operatorship,owner,transfer_ownership,paused,pause,unpause,version,required_auths,upgrade,migrate"
d71983c8799ac1663a30b8d3f13fc38635cd7c18c217570f4eb50d3b4f79aa57,"AccessControlManagerUpdated,RoleGranted,RoleRevoked,AdminRenounced,RoleAdminChanged,AdminTransferCompleted,AdminTransferInitiated,OwnershipTransfer,OwnershipRenounced,OwnershipTransferCompleted","has_role,get_admin,extend_ttl,is_governor,add_governor,__constructor,get_role_admin,get_role_member,remove_governor,get_existing_roles,get_role_member_count,is_governor_or_guardian,set_access_control_manager"
d8d02417173001500af899629dc00cb2c718bd82ba45326cd62695706841e260,"RoleGranted,RoleRevoked,AdminRenounced,RoleAdminChanged,AdminTransferCompleted,AdminTransferInitiated,OwnershipTransfer,OwnershipRenounced,OwnershipTransferCompleted,SetRoot,SetClaimed,Paused,Unpaused,DelegateChanged,DelegateVotesChanged,VoteCast,QuorumChanged,ProposalQueued,ProposalCreated,ProposalExecuted,ProposalCancelled,MinDelayChanged,OperationExecuted,OperationCancelled,OperationScheduled,ConsecutiveMint,Burn,SetTokenRoyalty,SetDefaultRoyalty,RemoveTokenRoyalty,Mint,Approve,Transfer,ApproveForAll,ModuleAdded,ModuleRemoved,DocumentRemoved,DocumentUpdated,KeyAllowed,KeyRemoved,ClaimRevoked,SignaturesInvalidated,ClaimAdded,ClaimChanged,ClaimRemoved,Burn,Mint,ClaimTopicAdded,ClaimTopicRemoved,TrustedIssuerAdded,IssuerTopicsUpdated,TrustedIssuerRemoved,IdentityStored,CountryDataAdded,IdentityModified,IdentityUnstored,IdentityRecovered,CountryDataRemoved,CountryDataModified,TokensFrozen,AddressFrozen,ComplianceSet,TokensUnfrozen,RecoverySuccess,IdentityVerifierSet,TokenOnchainIdUpdated,ClaimTopicsAndIssuersSet,TokenBound,TokenUnbound,Deposit,Withdraw,Burn,UserAllowed,UserDisallowed,UserBlocked,UserUnblocked,Mint,Approve,Transfer","bind_token,add_identity,unbind_token,__constructor,linked_tokens,modify_identity,remove_identity,stored_identity,get_recovered_to,recover_identity,get_identity_profile"
dae61b0ae32ed476188842dd20e155a62aabe5348e7d6b67df3a4aaf72904e49,"","__constructor,mint,owner_of,name,symbol,token_uri,token_image,is_approved,transfer,approve,transfer_from,set_user,is_user_of,user_of,is_token_id_allowed,get_owner,get_mint_price,get_token_count,set_base_uri,set_contract_uri,set_default_mint_price,set_mint_price,set_royalty,set_minter,set_forwarder,set_tokens_allowlist,set_tokens_are_allowed,add_allowed_token_id,remove_allowed_token_id,transfer_admin"
dc7fbf08126a0eaa8122f27afd958e683a04c94a5eb1a65616494557414fa647,"PolicyAdded,SignerAdded,PolicyRemoved,SignerRemoved,ContextRuleAdded,ContextRuleRemoved,ContextRuleUpdated,SpendingLimitPolicyEnforced,SimplePolicyEnforced,WeightedPolicyEnforced,SetRoot,SetClaimed,Paused,Unpaused","execute,upgrade,add_policy,add_signer,__check_auth,__constructor,remove_policy,remove_signer,add_context_rule,get_context_rule,get_context_rules,remove_context_rule,get_context_rules_count,update_context_rule_name,update_context_rule_valid_until"
dfad78f7ef4262603f7ffa765a04bba61fbbe92dd1f5e6c22b5f274ba05860f8,"","upgrade,interchain_token_service,execute_with_interchain_token,gateway,execute,__constructor,update_vault_ratio,get_vault_ratio,shares_balance,to_rebased,to_base_ceil,mint_from,burn_rebased,has_role,get_role_member_count,get_role_member,get_role_admin,get_admin,grant_role,revoke_role,renounce_role,renounce_admin,transfer_admin_role,accept_admin_transfer,set_role_admin,total_supply,balance,allowance,transfer,transfer_from,approve,decimals,name,symbol,burn,burn_from,set_axelar_config,token_id,get_axelar_its,get_axelar_gateway,get_axelar_gas_token"
dffb5944dca54fc2227eb2648fa5cac46424fede28d485b17d36010b83558d85,"","claim,set_admin,__constructor,add_stablecoin,decrease_supply,increase_supply"
e047aca524cc12d5fd0912434c5ed0b6fff7578028410e50a2c2b5f5e77c70ce,"RoleGranted,RoleRevoked,RoleAdminChanged,AdminTransferInitiated,AdminTransferCompleted,AdminRenounced,OwnershipTransfer,OwnershipTransferCompleted,OwnershipRenounced,SetRoot,SetClaimed,Paused,Unpaused,UserAllowed,UserDisallowed,UserBlocked,UserUnblocked,Burn,Transfer,Approve,Mint,Burn,ConsecutiveMint,SetDefaultRoyalty,SetTokenRoyalty,RemoveTokenRoyalty,Transfer,Approve,ApproveForAll,Mint,KeyAllowed,KeyRemoved,ClaimRevoked,SignaturesInvalidated,ClaimTopicAdded,ClaimTopicRemoved,TrustedIssuerAdded,TrustedIssuerRemoved,IssuerTopicsUpdated,ModuleAdded,ModuleRemoved,DocumentUpdated,DocumentRemoved,ClaimAdded,ClaimRemoved,ClaimChanged,IdentityStored,IdentityUnstored,IdentityModified,IdentityRecovered,CountryDataAdded,CountryDataRemoved,CountryDataModified,TokenBound,TokenUnbound,TokenOnchainIdUpdated,RecoverySuccess,AddressFrozen,TokensFrozen,TokensUnfrozen,Mint,Burn,ComplianceSet,ClaimTopicsAndIssuersSet,IdentityVerifierSet,Deposit,Withdraw","__constructor,total_supply,balance,allowance,transfer,transfer_from,approve,decimals,name,symbol,get_owner,transfer_ownership,accept_ownership,renounce_ownership"
e151a630a9746cfe082c7a17575f2b8e36bbd0fb4815f8584b7047ff0f28bc88,"","upgrade,__constructor,get_nav,get_nav_decimals,get_admin,set_nav_manager_by_admin,set_vault_by_admin,get_nav_manager,set_nav_by_manager,get_owner,transfer_ownership,accept_ownership,renounce_ownership"
e3367532a27a015a0c051b68e5db1939295e946b7014f3c023ec125773ae1a06,"ConsecutiveMint,Burn,SetTokenRoyalty,SetDefaultRoyalty,RemoveTokenRoyalty,Mint,Approve,Transfer,ApproveForAll,ModuleAdded,ModuleRemoved,DocumentRemoved,DocumentUpdated,KeyAllowed,KeyRemoved,ClaimRevoked,SignaturesInvalidated,ClaimAdded,ClaimChanged,ClaimRemoved,Burn,Mint,ClaimTopicAdded,ClaimTopicRemoved,TrustedIssuerAdded,IssuerTopicsUpdated,TrustedIssuerRemoved,IdentityStored,CountryDataAdded,IdentityModified,IdentityUnstored,IdentityRecovered,CountryDataRemoved,CountryDataModified,TokensFrozen,AddressFrozen,ComplianceSet,TokensUnfrozen,RecoverySuccess,IdentityVerifierSet,TokenOnchainIdUpdated,ClaimTopicsAndIssuersSet,TokenBound,TokenUnbound,Deposit,Withdraw,Burn,UserAllowed,UserDisallowed,UserBlocked,UserUnblocked,Mint,Approve,Transfer,SetRoot,SetClaimed,Paused,Unpaused","__constructor"
e3b1ea0f41d5c625f2b03534e032c10313bd7304f0e89fbeae39ced744d0fe2f,"","__constructor,is_token_registered,is_doc_registered,is_paused,change_owner,name,symbol,decimals,balance,total_supply,transfer,allowance,transfer_from,approve,pause,unpause,mint,mint_to,burn,burn_from,grant_kyc,revoke_kyc,update_all_docs,register_doc,unregister_doc,register_token,unregister_token"
ea5d24bc6768196843dd3c43d004e5eda7e3936cab53de4fc47cf82a24c8d73f,"RoleGranted,RoleRevoked,AdminRenounced,RoleAdminChanged,AdminTransferCompleted,AdminTransferInitiated,OwnershipTransfer,OwnershipRenounced,OwnershipTransferCompleted,SetRoot,SetClaimed,Paused,Unpaused,Mint,Approve,Transfer,ApproveForAll,Burn,Mint,TokensFrozen,AddressFrozen,ComplianceSet,TokensUnfrozen,RecoverySuccess,IdentityVerifierSet,TokenOnchainIdUpdated,ClaimTopicsAndIssuersSet,Deposit,Withdraw,Approve,Transfer,ModuleAdded,ModuleRemoved,KeyAllowed,KeyRemoved,ClaimRevoked,SignaturesInvalidated,ClaimAdded,ClaimChanged,ClaimRemoved,ClaimTopicAdded,ClaimTopicRemoved,TrustedIssuerAdded,IssuerTopicsUpdated,TrustedIssuerRemoved,IdentityStored,CountryDataAdded,IdentityModified,IdentityUnstored,IdentityRecovered,CountryDataRemoved,CountryDataModified,ConsecutiveMint,Burn,SetTokenRoyalty,SetDefaultRoyalty,RemoveTokenRoyalty,DocumentRemoved,DocumentUpdated,TokenBound,TokenUnbound,UserAllowed,UserDisallowed,UserBlocked,UserUnblocked","burn,mint,name,symbol,approve,balance,decimals,transfer,allowance,burn_from,get_owner,__constructor,transfer_from,accept_ownership,renounce_ownership,transfer_ownership"
ea5d97cca1a7edac2ae8cf707346faba9897debc1b66fbef1fc53e7828013aab,"","upgrade,__constructor,get_nav,get_nav_decimals,get_admin,get_last_updated_at,set_nav_manager_by_admin,set_vault_by_admin,get_nav_manager,set_nav_by_manager,get_owner,transfer_ownership,accept_ownership,renounce_ownership"
eb817999b8e7cee5d6ceee3152e2911a75fd56e48b0bc86ed1971b062521109a,"RoleGranted,RoleRevoked,RoleAdminChanged,AdminTransferInitiated,AdminTransferCompleted,AdminRenounced,OwnershipTransfer,OwnershipTransferCompleted,OwnershipRenounced,SetRoot,SetClaimed,Paused,Unpaused,UserAllowed,UserDisallowed,UserBlocked,UserUnblocked,Burn,Transfer,Approve,Mint,Burn,ConsecutiveMint,SetDefaultRoyalty,SetTokenRoyalty,RemoveTokenRoyalty,Transfer,Approve,ApproveForAll,Mint,KeyAllowed,KeyRemoved,ClaimRevoked,SignaturesInvalidated,ClaimTopicAdded,ClaimTopicRemoved,TrustedIssuerAdded,TrustedIssuerRemoved,IssuerTopicsUpdated,ModuleAdded,ModuleRemoved,DocumentUpdated,DocumentRemoved,ClaimAdded,ClaimRemoved,ClaimChanged,IdentityStored,IdentityUnstored,IdentityModified,IdentityRecovered,CountryDataAdded,CountryDataRemoved,CountryDataModified,TokenBound,TokenUnbound,TokenOnchainIdUpdated,RecoverySuccess,AddressFrozen,TokensFrozen,TokensUnfrozen,Mint,Burn,ComplianceSet,ClaimTopicsAndIssuersSet,IdentityVerifierSet,Deposit,Withdraw","__constructor,total_supply,balance,allowance,transfer,transfer_from,approve,decimals,name,symbol,get_owner,transfer_ownership,accept_ownership,renounce_ownership"
eb85193d50deb8b62e449b06a3cd40be0d55674d2ee70dcb50914c1c32ce290c,"","__constructor,update_release_key,open,guard,seal,release_key,steward,update_steward,bound_aid,unbound_aid,aid_of,assigned_aid_of,available_aid_of,__check_auth"
ebc89ee1ea8b6d4ae48a4f74c06aa6ccc071abd49399677bb934142d0567ed8e,"","__constructor,add_asset,set_oracles,decimals,lastprice,set_admin,upgrade"
ee003d395f9508ae4b8c073d409056f5b245f52a2918bd1724b0a081ce1bf420,"RoleGranted,RoleRevoked,AdminRenounced,RoleAdminChanged,AdminTransferCompleted,AdminTransferInitiated,OwnershipTransfer,OwnershipRenounced,OwnershipTransferCompleted,SetRoot,SetClaimed,Paused,Unpaused,DelegateChanged,DelegateVotesChanged,VoteCast,QuorumChanged,ProposalQueued,ProposalCreated,ProposalExecuted,ProposalCancelled,MinDelayChanged,OperationExecuted,OperationCancelled,OperationScheduled,ConsecutiveMint,Burn,SetTokenRoyalty,SetDefaultRoyalty,RemoveTokenRoyalty,Mint,Approve,Transfer,ApproveForAll,ModuleAdded,ModuleRemoved,DocumentRemoved,DocumentUpdated,KeyAllowed,KeyRemoved,ClaimRevoked,SignaturesInvalidated,ClaimAdded,ClaimChanged,ClaimRemoved,Burn,Mint,ClaimTopicAdded,ClaimTopicRemoved,TrustedIssuerAdded,IssuerTopicsUpdated,TrustedIssuerRemoved,IdentityStored,CountryDataAdded,IdentityModified,IdentityUnstored,IdentityRecovered,CountryDataRemoved,CountryDataModified,TokensFrozen,AddressFrozen,ComplianceSet,TokensUnfrozen,RecoverySuccess,IdentityVerifierSet,TokenOnchainIdUpdated,ClaimTopicsAndIssuersSet,TokenBound,TokenUnbound,Deposit,Withdraw,Burn,UserAllowed,UserDisallowed,UserBlocked,UserUnblocked,Mint,Approve,Transfer","add_claim,get_claim,get_owner,remove_claim,__constructor,accept_ownership,get_claim_topics,get_token_details,renounce_ownership,transfer_ownership,get_identity_details,get_claim_ids_by_topic"
ef63683721757a7d6bdb2691e9d1e4dbf0e446ff5b02ea2fb3d1f8d2c18e4872,"MemberAdded,SignerAdded,MemberRemoved,QuorumCreated,SignerRemoved,ProposalCreated,ProposalApproved,ProposalExecuted,ProposalRejected,ThresholdUpdated,ProposalCancelled,PolicyAdded,SignerAdded,PolicyRemoved,SignerRemoved,ContextRuleAdded,ContextRuleRemoved,ContextRuleUpdated,SpendingLimitPolicyEnforced,SimplePolicyEnforced,WeightedPolicyEnforced","cancel,reject,approve,propose,add_member,add_signer,get_member,get_members,__check_auth,get_proposal,__constructor,get_threshold,remove_member,remove_signer,set_threshold,get_proposal_ids"
f11078394fd06b3992b4274611a7c47809707bdce61254cffa6dd40fcaad364f,"","upgrade,__constructor,paused,pause,unpause,transfer,transfer_from,approve,total_supply,balance,allowance,decimals,name,symbol,burn,burn_from,mint_from,add_to_blacklist,remove_from_blacklist,is_blacklisted,burn_blacklisted_tokens_by_admin,add_minter_by_manager,remove_minter_by_manager,get_minters,is_minter,set_blacklist_manager,set_minter_manager,is_blacklist_manager,get_blacklist_manager,is_minter_manager,get_minter_manager,get_admin,get_owner,transfer_ownership,accept_ownership,renounce_ownership"
f1ceec13366e837c507ae6b432a5ba9901ccea2a55671a20f4bbfb816409480d,"","upgrade,__constructor,paused,pause,unpause,transfer,transfer_from,approve,total_supply,balance,allowance,decimals,name,symbol,burn,burn_from,mint_from,get_version,add_to_blacklist,remove_from_blacklist,is_blacklisted,burn_blacklisted_tokens_by_admin,add_minter_by_manager,remove_minter_by_manager,get_minters,is_minter,set_blacklist_manager,set_minter_manager,is_blacklist_manager,get_blacklist_manager,is_minter_manager,get_minter_manager,get_admin,get_owner,transfer_ownership,accept_ownership,renounce_ownership"
f201f0df6d7f78dc31f01186ef017390e74d55f885a6c861ced27b1428bb5071,"","upgrade,__constructor,update_k,get_current_k,get_epoch,to_rebased,to_base_ceil,mint_from,has_role,get_role_member_count,get_role_member,get_role_admin,get_admin,grant_role,revoke_role,renounce_role,renounce_admin,transfer_admin_role,accept_admin_transfer,set_role_admin,total_supply,balance,allowance,transfer,transfer_from,approve,decimals,name,symbol,burn,burn_from,set_axelar_config,token_id,get_axelar_its,get_axelar_chain,get_axelar_gas_token"
f2c496095a9f91490e95ebd3c6a2796e112adf163da50fadcb1a2f4b64322027,"RoleGranted,RoleRevoked,AdminRenounced,RoleAdminChanged,AdminTransferCompleted,AdminTransferInitiated,OwnershipTransfer,OwnershipRenounced,OwnershipTransferCompleted,SetRoot,SetClaimed,Paused,Unpaused,DelegateChanged,DelegateVotesChanged,VoteCast,QuorumChanged,ProposalQueued,ProposalCreated,ProposalExecuted,ProposalCancelled,MinDelayChanged,OperationExecuted,OperationCancelled,OperationScheduled,ConsecutiveMint,Burn,SetTokenRoyalty,SetDefaultRoyalty,RemoveTokenRoyalty,Mint,Approve,Transfer,ApproveForAll,ModuleAdded,ModuleRemoved,DocumentRemoved,DocumentUpdated,KeyAllowed,KeyRemoved,ClaimRevoked,SignaturesInvalidated,ClaimAdded,ClaimChanged,ClaimRemoved,Burn,Mint,ClaimTopicAdded,ClaimTopicRemoved,TrustedIssuerAdded,IssuerTopicsUpdated,TrustedIssuerRemoved,IdentityStored,CountryDataAdded,IdentityModified,IdentityUnstored,IdentityRecovered,CountryDataRemoved,CountryDataModified,TokensFrozen,AddressFrozen,ComplianceSet,TokensUnfrozen,RecoverySuccess,IdentityVerifierSet,TokenOnchainIdUpdated,ClaimTopicsAndIssuersSet,TokenBound,TokenUnbound,Deposit,Withdraw,Burn,UserAllowed,UserDisallowed,UserBlocked,UserUnblocked,Mint,Approve,Transfer","has_role,get_admin,grant_role,revoke_role,__constructor,renounce_role,get_role_admin,renounce_admin,set_role_admin,get_role_member,recovery_target,verify_identity,registry_address,get_existing_roles,transfer_admin_role,accept_admin_transfer,get_role_member_count,claim_topics_and_issuers,set_claim_topics_and_issuers"
f340242d143b42e273f628f44ccb907f55f5beb256f3de17de2c005fcdbc9783,"SimplePolicyEnforced,SpendingLimitPolicyEnforced,WeightedPolicyEnforced,ContextRuleAdded,ContextRuleUpdated,ContextRuleRemoved,SignerAdded,SignerRemoved,PolicyAdded,PolicyRemoved,SetRoot,SetClaimed,Paused,Unpaused","upgrade,__constructor,__check_auth,get_context_rule,get_context_rules,get_context_rules_count,add_context_rule,update_context_rule_name,update_context_rule_valid_until,remove_context_rule,add_signer,remove_signer,add_policy,remove_policy,execute"
f4c21ffa63ab60450af282dbd23876cb7dc6d3cdce4d12438e083fed39731622,"","__constructor,add_stablecoin,increase_supply,decrease_supply,claim,keep_peg,set_pegkeeper,set_admin,upgrade"
f4de70f678124ba1f17642e07b7a06355deb468e0df573b8897269258fb0ff1a,"","upgrade,__constructor,grant_role_batch,revoke_role_batch,renounce_admin,renounce_role,has_role,get_role_member_count,get_role_member,get_role_admin,get_admin,grant_role,revoke_role,transfer_admin_role,accept_admin_transfer,set_role_admin"
f4f9e67f883302b5f9da3f947651f1db322bc3880a44a676fea96ef6c30c0fe8,"Swept,Paused,SwapV2,Deposit,Unpaused,Upgraded,Redemption,BaseFeesSet,AdminRotated,Usdm0Assigned,Usdm1Assigned,WhitelistAdded,CollateralAdded,OperatorAssigned,WhitelistRemoved,CollateralEnabled,CollateralFeesSet,CollateralRemoved,DepositFeeCharged,CollateralDisabled,TrustedSignerAdded,BeneficiaryAssigned,RedemptionCancelled,RedemptionProcessed,RedemptionFeeCharged,TrustedSignerRemoved","swap_v2,pause,sweep,unpause,upgrade,get_usdm0,get_usdm1,is_paused,get_config,assign_usdm0,assign_usdm1,get_operator,__constructor,set_base_fees,add_collateral,is_whitelisted,assign_operator,compute_feed_id,get_beneficiary,get_collaterals,add_to_whitelist,verify_signature,enable_collateral,get_administrator,is_trusted_signer,remove_collateral,add_trusted_signer,assign_beneficiary,disable_collateral,get_trusted_signers,set_collateral_fees,get_contract_version,rotate_administrator,get_collateral_config,get_redeem_permit_seq,remove_from_whitelist,remove_trusted_signer,get_deposit_permit_seq,reset_usdm_token_admin,assert_contract_version,set_collateral_disabled,get_base_deposit_fee_bps,build_redeem_permit_digest,build_deposit_permit_digest,get_base_redemption_fee_bps,build_price_attestation_digest,redeem,redeem_usdm0,get_redemption,cancel_redemption,process_redemption,deposit,deposit_for_usdm0"
fd5f159f3d32c57d73a3fcdc842f296b3e671f2516294387b5985b99c3b7881a,"","upgrade,__constructor,mint_from,mint,total_supply,balance,allowance,transfer,transfer_from,approve,decimals,name,symbol,burn,burn_from,has_role,get_role_member_count,get_role_member,get_role_admin,get_admin,grant_role,revoke_role,renounce_role,renounce_admin,transfer_admin_role,accept_admin_transfer,set_role_admin"
fde238eb32c2854e85f9cb510055b6032b138c85a6d94f573ad25bf67e9aa7e4,"RoleGranted,RoleRevoked,RoleAdminChanged,AdminTransferInitiated,AdminTransferCompleted,AdminRenounced,OwnershipTransfer,OwnershipTransferCompleted,OwnershipRenounced,SetRoot,SetClaimed,Paused,Unpaused,UserAllowed,UserDisallowed,UserBlocked,UserUnblocked,Burn,Transfer,Approve,Mint,Burn,ConsecutiveMint,SetDefaultRoyalty,SetTokenRoyalty,RemoveTokenRoyalty,Transfer,Approve,ApproveForAll,Mint,KeyAllowed,KeyRemoved,ClaimRevoked,SignaturesInvalidated,ClaimTopicAdded,ClaimTopicRemoved,TrustedIssuerAdded,TrustedIssuerRemoved,IssuerTopicsUpdated,ModuleAdded,ModuleRemoved,DocumentUpdated,DocumentRemoved,ClaimAdded,ClaimRemoved,ClaimChanged,IdentityStored,IdentityUnstored,IdentityModified,IdentityRecovered,CountryDataAdded,CountryDataRemoved,CountryDataModified,TokenBound,TokenUnbound,TokenOnchainIdUpdated,RecoverySuccess,AddressFrozen,TokensFrozen,TokensUnfrozen,Mint,Burn,ComplianceSet,ClaimTopicsAndIssuersSet,IdentityVerifierSet,Deposit,Withdraw","__constructor,total_supply,balance,allowance,transfer,transfer_from,approve,decimals,name,symbol,get_owner,transfer_ownership,accept_ownership,renounce_ownership"
fe90f52a288c2188727adc064147da494e7e208c05507df5939b9b3e93c97ecd,"RoleGranted,RoleRevoked,RoleAdminChanged,AdminTransferInitiated,AdminTransferCompleted,AdminRenounced,OwnershipTransfer,OwnershipTransferCompleted,OwnershipRenounced,SetRoot,SetClaimed,Paused,Unpaused","upgrade,__constructor,deploy_vault,set_vault_wasm_hash,get_vault_wasm_hash,get_vaults,has_role,get_role_member_count,get_role_member,get_role_admin,get_admin,grant_role,revoke_role,renounce_role,renounce_admin,transfer_admin_role,accept_admin_transfer,set_role_admin"
ffa68ad3d49e5d61c13e386576c2a9215fdee4e38e9e01f62830fd6ccdc0afce,"","__constructor,is_whitelisted,add_to_whitelist,remove_from_whitelist,add_project,set_project_approved,set_project_rejected,reset_project,get_project_status,get_projects_statuses_in_bulk,get_projects_statuses_from_vec,get_all_projects_statuses,set_admin,get_trufa_score"
